100000000	oneMb100
100000000	oneMb1395
100000000	oneMb1804
100000000	oneMb2003
100000000	oneMb2195
100000000	oneMb2376
100000000	oneMb2548
100000000	oneMb2708
100000000	oneMb2855
100000000	oneMb350
100000000	oneMb486
100000000	oneMb622
100000000	oneMb756
100000000	oneMb872
100000000	oneMb980
10000000	oneMb10
10000000	oneMb1084
10000000	oneMb1166
10000000	oneMb1245
10000000	oneMb1305
10000000	oneMb1549
10000000	oneMb1613
10000000	oneMb1662
10000000	oneMb1714
10000000	oneMb1913
10000000	oneMb2105
10000000	oneMb2286
10000000	oneMb2458
10000000	oneMb260
10000000	oneMb2618
10000000	oneMb2765
10000000	oneMb396
10000000	oneMb532
10000000	oneMb666
10000000	oneMb782
10000000	oneMb890
10000000	oneMb993
1000000	oneMb1
1000000	oneMb1075
1000000	oneMb1157
1000000	oneMb1236
1000000	oneMb1296
1000000	oneMb1540
1000000	oneMb1604
1000000	oneMb1653
1000000	oneMb1705
1000000	oneMb1904
1000000	oneMb2096
1000000	oneMb2277
1000000	oneMb2449
1000000	oneMb251
1000000	oneMb2609
1000000	oneMb2756
1000000	oneMb387
1000000	oneMb523
1000000	oneMb657
1000000	oneMb773
1000000	oneMb881
1000000	oneMb984
101000000	oneMb101
101000000	oneMb1396
101000000	oneMb1805
101000000	oneMb2004
101000000	oneMb2196
101000000	oneMb2377
101000000	oneMb2549
101000000	oneMb2709
101000000	oneMb2856
101000000	oneMb351
101000000	oneMb487
101000000	oneMb623
101000000	oneMb757
101000000	oneMb873
101000000	oneMb981
102000000	oneMb102
102000000	oneMb1397
102000000	oneMb1806
102000000	oneMb2005
102000000	oneMb2197
102000000	oneMb2378
102000000	oneMb2550
102000000	oneMb2710
102000000	oneMb2857
102000000	oneMb352
102000000	oneMb488
102000000	oneMb624
102000000	oneMb758
102000000	oneMb874
102000000	oneMb982
102531392	oneMb983
103000000	oneMb103
103000000	oneMb1398
103000000	oneMb1807
103000000	oneMb2006
103000000	oneMb2198
103000000	oneMb2379
103000000	oneMb2551
103000000	oneMb2711
103000000	oneMb2858
103000000	oneMb353
103000000	oneMb489
103000000	oneMb625
103000000	oneMb759
103000000	oneMb875
104000000	oneMb104
104000000	oneMb1399
104000000	oneMb1808
104000000	oneMb2007
104000000	oneMb2199
104000000	oneMb2380
104000000	oneMb2552
104000000	oneMb2712
104000000	oneMb2859
104000000	oneMb354
104000000	oneMb490
104000000	oneMb626
104000000	oneMb760
104000000	oneMb876
105000000	oneMb105
105000000	oneMb1400
105000000	oneMb1809
105000000	oneMb2008
105000000	oneMb2200
105000000	oneMb2381
105000000	oneMb2553
105000000	oneMb2713
105000000	oneMb2860
105000000	oneMb355
105000000	oneMb491
105000000	oneMb627
105000000	oneMb761
105000000	oneMb877
106000000	oneMb106
106000000	oneMb1401
106000000	oneMb1810
106000000	oneMb2009
106000000	oneMb2201
106000000	oneMb2382
106000000	oneMb2554
106000000	oneMb2714
106000000	oneMb2861
106000000	oneMb356
106000000	oneMb492
106000000	oneMb628
106000000	oneMb762
106000000	oneMb878
107000000	oneMb107
107000000	oneMb1402
107000000	oneMb1811
107000000	oneMb2010
107000000	oneMb2202
107000000	oneMb2383
107000000	oneMb2555
107000000	oneMb2715
107000000	oneMb2862
107000000	oneMb357
107000000	oneMb493
107000000	oneMb629
107000000	oneMb763
107000000	oneMb879
107349540	oneMb880
108000000	oneMb108
108000000	oneMb1403
108000000	oneMb1812
108000000	oneMb2011
108000000	oneMb2203
108000000	oneMb2384
108000000	oneMb2556
108000000	oneMb2716
108000000	oneMb2863
108000000	oneMb358
108000000	oneMb494
108000000	oneMb630
108000000	oneMb764
109000000	oneMb109
109000000	oneMb1404
109000000	oneMb1813
109000000	oneMb2012
109000000	oneMb2204
109000000	oneMb2385
109000000	oneMb2557
109000000	oneMb2717
109000000	oneMb2864
109000000	oneMb359
109000000	oneMb495
109000000	oneMb631
109000000	oneMb765
110000000	oneMb110
110000000	oneMb1405
110000000	oneMb1814
110000000	oneMb2013
110000000	oneMb2205
110000000	oneMb2386
110000000	oneMb2558
110000000	oneMb2718
110000000	oneMb2865
110000000	oneMb360
110000000	oneMb496
110000000	oneMb632
110000000	oneMb766
11000000	oneMb1085
11000000	oneMb11
11000000	oneMb1167
11000000	oneMb1246
11000000	oneMb1306
11000000	oneMb1550
11000000	oneMb1614
11000000	oneMb1663
11000000	oneMb1715
11000000	oneMb1914
11000000	oneMb2106
11000000	oneMb2287
11000000	oneMb2459
11000000	oneMb261
11000000	oneMb2619
11000000	oneMb2766
11000000	oneMb397
11000000	oneMb533
11000000	oneMb667
11000000	oneMb783
11000000	oneMb891
11000000	oneMb994
111000000	oneMb111
111000000	oneMb1406
111000000	oneMb1815
111000000	oneMb2014
111000000	oneMb2206
111000000	oneMb2387
111000000	oneMb2559
111000000	oneMb2719
111000000	oneMb2866
111000000	oneMb361
111000000	oneMb497
111000000	oneMb633
111000000	oneMb767
112000000	oneMb112
112000000	oneMb1407
112000000	oneMb1816
112000000	oneMb2015
112000000	oneMb2207
112000000	oneMb2388
112000000	oneMb2560
112000000	oneMb2720
112000000	oneMb2867
112000000	oneMb362
112000000	oneMb498
112000000	oneMb634
112000000	oneMb768
113000000	oneMb113
113000000	oneMb1408
113000000	oneMb1817
113000000	oneMb2016
113000000	oneMb2208
113000000	oneMb2389
113000000	oneMb2561
113000000	oneMb2721
113000000	oneMb2868
113000000	oneMb363
113000000	oneMb499
113000000	oneMb635
113000000	oneMb769
114000000	oneMb114
114000000	oneMb1409
114000000	oneMb1818
114000000	oneMb2017
114000000	oneMb2209
114000000	oneMb2390
114000000	oneMb2562
114000000	oneMb2722
114000000	oneMb2869
114000000	oneMb364
114000000	oneMb500
114000000	oneMb636
114000000	oneMb770
115000000	oneMb115
115000000	oneMb1410
115000000	oneMb1819
115000000	oneMb2018
115000000	oneMb2210
115000000	oneMb2391
115000000	oneMb2563
115000000	oneMb2723
115000000	oneMb2870
115000000	oneMb365
115000000	oneMb501
115000000	oneMb637
115000000	oneMb771
115169878	oneMb772
116000000	oneMb116
116000000	oneMb1411
116000000	oneMb1820
116000000	oneMb2019
116000000	oneMb2211
116000000	oneMb2392
116000000	oneMb2564
116000000	oneMb2724
116000000	oneMb2871
116000000	oneMb366
116000000	oneMb502
116000000	oneMb638
117000000	oneMb117
117000000	oneMb1412
117000000	oneMb1821
117000000	oneMb2020
117000000	oneMb2212
117000000	oneMb2393
117000000	oneMb2565
117000000	oneMb2725
117000000	oneMb2872
117000000	oneMb367
117000000	oneMb503
117000000	oneMb639
118000000	oneMb118
118000000	oneMb1413
118000000	oneMb1822
118000000	oneMb2021
118000000	oneMb2213
118000000	oneMb2394
118000000	oneMb2566
118000000	oneMb2726
118000000	oneMb2873
118000000	oneMb368
118000000	oneMb504
118000000	oneMb640
119000000	oneMb119
119000000	oneMb1414
119000000	oneMb1823
119000000	oneMb2022
119000000	oneMb2214
119000000	oneMb2395
119000000	oneMb2567
119000000	oneMb2727
119000000	oneMb2874
119000000	oneMb369
119000000	oneMb505
119000000	oneMb641
120000000	oneMb120
120000000	oneMb1415
120000000	oneMb1824
120000000	oneMb2023
120000000	oneMb2215
120000000	oneMb2396
120000000	oneMb2568
120000000	oneMb2728
120000000	oneMb2875
120000000	oneMb370
120000000	oneMb506
120000000	oneMb642
12000000	oneMb1086
12000000	oneMb1168
12000000	oneMb12
12000000	oneMb1247
12000000	oneMb1307
12000000	oneMb1551
12000000	oneMb1615
12000000	oneMb1664
12000000	oneMb1716
12000000	oneMb1915
12000000	oneMb2107
12000000	oneMb2288
12000000	oneMb2460
12000000	oneMb262
12000000	oneMb2620
12000000	oneMb2767
12000000	oneMb398
12000000	oneMb534
12000000	oneMb668
12000000	oneMb784
12000000	oneMb892
12000000	oneMb995
121000000	oneMb121
121000000	oneMb1416
121000000	oneMb1825
121000000	oneMb2024
121000000	oneMb2216
121000000	oneMb2397
121000000	oneMb2569
121000000	oneMb2729
121000000	oneMb2876
121000000	oneMb371
121000000	oneMb507
121000000	oneMb643
122000000	oneMb122
122000000	oneMb1417
122000000	oneMb1826
122000000	oneMb2025
122000000	oneMb2217
122000000	oneMb2398
122000000	oneMb2570
122000000	oneMb2730
122000000	oneMb2877
122000000	oneMb372
122000000	oneMb508
122000000	oneMb644
123000000	oneMb123
123000000	oneMb1418
123000000	oneMb1827
123000000	oneMb2026
123000000	oneMb2218
123000000	oneMb2399
123000000	oneMb2571
123000000	oneMb2731
123000000	oneMb2878
123000000	oneMb373
123000000	oneMb509
123000000	oneMb645
124000000	oneMb124
124000000	oneMb1419
124000000	oneMb1828
124000000	oneMb2027
124000000	oneMb2219
124000000	oneMb2400
124000000	oneMb2572
124000000	oneMb2732
124000000	oneMb2879
124000000	oneMb374
124000000	oneMb510
124000000	oneMb646
125000000	oneMb125
125000000	oneMb1420
125000000	oneMb1829
125000000	oneMb2028
125000000	oneMb2220
125000000	oneMb2401
125000000	oneMb2573
125000000	oneMb2733
125000000	oneMb2880
125000000	oneMb375
125000000	oneMb511
125000000	oneMb647
126000000	oneMb126
126000000	oneMb1421
126000000	oneMb1830
126000000	oneMb2029
126000000	oneMb2221
126000000	oneMb2402
126000000	oneMb2574
126000000	oneMb2734
126000000	oneMb2881
126000000	oneMb376
126000000	oneMb512
126000000	oneMb648
127000000	oneMb127
127000000	oneMb1422
127000000	oneMb1831
127000000	oneMb2030
127000000	oneMb2222
127000000	oneMb2403
127000000	oneMb2575
127000000	oneMb2735
127000000	oneMb2882
127000000	oneMb377
127000000	oneMb513
127000000	oneMb649
128000000	oneMb128
128000000	oneMb1423
128000000	oneMb1832
128000000	oneMb2031
128000000	oneMb2223
128000000	oneMb2404
128000000	oneMb2576
128000000	oneMb2736
128000000	oneMb2883
128000000	oneMb378
128000000	oneMb514
128000000	oneMb650
129000000	oneMb129
129000000	oneMb1424
129000000	oneMb1833
129000000	oneMb2032
129000000	oneMb2224
129000000	oneMb2405
129000000	oneMb2577
129000000	oneMb2737
129000000	oneMb2884
129000000	oneMb379
129000000	oneMb515
129000000	oneMb651
130000000	oneMb130
130000000	oneMb1425
130000000	oneMb1834
130000000	oneMb2033
130000000	oneMb2225
130000000	oneMb2406
130000000	oneMb2578
130000000	oneMb2738
130000000	oneMb2885
130000000	oneMb380
130000000	oneMb516
130000000	oneMb652
13000000	oneMb1087
13000000	oneMb1169
13000000	oneMb1248
13000000	oneMb13
13000000	oneMb1308
13000000	oneMb1552
13000000	oneMb1616
13000000	oneMb1665
13000000	oneMb1717
13000000	oneMb1916
13000000	oneMb2108
13000000	oneMb2289
13000000	oneMb2461
13000000	oneMb2621
13000000	oneMb263
13000000	oneMb2768
13000000	oneMb399
13000000	oneMb535
13000000	oneMb669
13000000	oneMb785
13000000	oneMb893
13000000	oneMb996
131000000	oneMb131
131000000	oneMb1426
131000000	oneMb1835
131000000	oneMb2034
131000000	oneMb2226
131000000	oneMb2407
131000000	oneMb2579
131000000	oneMb2739
131000000	oneMb2886
131000000	oneMb381
131000000	oneMb517
131000000	oneMb653
132000000	oneMb132
132000000	oneMb1427
132000000	oneMb1836
132000000	oneMb2035
132000000	oneMb2227
132000000	oneMb2408
132000000	oneMb2580
132000000	oneMb2740
132000000	oneMb2887
132000000	oneMb382
132000000	oneMb518
132000000	oneMb654
133000000	oneMb133
133000000	oneMb1428
133000000	oneMb1837
133000000	oneMb2036
133000000	oneMb2228
133000000	oneMb2409
133000000	oneMb2581
133000000	oneMb2741
133000000	oneMb2888
133000000	oneMb383
133000000	oneMb519
133000000	oneMb655
133851895	oneMb656
134000000	oneMb134
134000000	oneMb1429
134000000	oneMb1838
134000000	oneMb2037
134000000	oneMb2229
134000000	oneMb2410
134000000	oneMb2582
134000000	oneMb2742
134000000	oneMb2889
134000000	oneMb384
134000000	oneMb520
135000000	oneMb135
135000000	oneMb1430
135000000	oneMb1839
135000000	oneMb2038
135000000	oneMb2230
135000000	oneMb2411
135000000	oneMb2583
135000000	oneMb2743
135000000	oneMb2890
135000000	oneMb385
135000000	oneMb521
135006516	oneMb522
135534747	oneMb386
136000000	oneMb136
136000000	oneMb1431
136000000	oneMb1840
136000000	oneMb2039
136000000	oneMb2231
136000000	oneMb2412
136000000	oneMb2584
136000000	oneMb2744
136000000	oneMb2891
137000000	oneMb137
137000000	oneMb1432
137000000	oneMb1841
137000000	oneMb2040
137000000	oneMb2232
137000000	oneMb2413
137000000	oneMb2585
137000000	oneMb2745
137000000	oneMb2892
138000000	oneMb138
138000000	oneMb1433
138000000	oneMb1842
138000000	oneMb2041
138000000	oneMb2233
138000000	oneMb2414
138000000	oneMb2586
138000000	oneMb2746
138000000	oneMb2893
139000000	oneMb139
139000000	oneMb1434
139000000	oneMb1843
139000000	oneMb2042
139000000	oneMb2234
139000000	oneMb2415
139000000	oneMb2587
139000000	oneMb2747
139000000	oneMb2894
140000000	oneMb140
140000000	oneMb1435
140000000	oneMb1844
140000000	oneMb2043
140000000	oneMb2235
140000000	oneMb2416
140000000	oneMb2588
140000000	oneMb2748
140000000	oneMb2895
14000000	oneMb1088
14000000	oneMb1170
14000000	oneMb1249
14000000	oneMb1309
14000000	oneMb14
14000000	oneMb1553
14000000	oneMb1617
14000000	oneMb1666
14000000	oneMb1718
14000000	oneMb1917
14000000	oneMb2109
14000000	oneMb2290
14000000	oneMb2462
14000000	oneMb2622
14000000	oneMb264
14000000	oneMb2769
14000000	oneMb400
14000000	oneMb536
14000000	oneMb670
14000000	oneMb786
14000000	oneMb894
14000000	oneMb997
141000000	oneMb141
141000000	oneMb1436
141000000	oneMb1845
141000000	oneMb2044
141000000	oneMb2236
141000000	oneMb2417
141000000	oneMb2589
141000000	oneMb2749
141000000	oneMb2896
141213431	oneMb2897
142000000	oneMb142
142000000	oneMb1437
142000000	oneMb1846
142000000	oneMb2045
142000000	oneMb2237
142000000	oneMb2418
142000000	oneMb2590
142000000	oneMb2750
143000000	oneMb143
143000000	oneMb1438
143000000	oneMb1847
143000000	oneMb2046
143000000	oneMb2238
143000000	oneMb2419
143000000	oneMb2591
143000000	oneMb2751
144000000	oneMb1439
144000000	oneMb144
144000000	oneMb1848
144000000	oneMb2047
144000000	oneMb2239
144000000	oneMb2420
144000000	oneMb2592
144000000	oneMb2752
145000000	oneMb1440
145000000	oneMb145
145000000	oneMb1849
145000000	oneMb2048
145000000	oneMb2240
145000000	oneMb2421
145000000	oneMb2593
145000000	oneMb2753
146000000	oneMb1441
146000000	oneMb146
146000000	oneMb1850
146000000	oneMb2049
146000000	oneMb2241
146000000	oneMb2422
146000000	oneMb2594
146000000	oneMb2754
146364022	oneMb2755
147000000	oneMb1442
147000000	oneMb147
147000000	oneMb1851
147000000	oneMb2050
147000000	oneMb2242
147000000	oneMb2423
147000000	oneMb2595
148000000	oneMb1443
148000000	oneMb148
148000000	oneMb1852
148000000	oneMb2051
148000000	oneMb2243
148000000	oneMb2424
148000000	oneMb2596
149000000	oneMb1444
149000000	oneMb149
149000000	oneMb1853
149000000	oneMb2052
149000000	oneMb2244
149000000	oneMb2425
149000000	oneMb2597
150000000	oneMb1445
150000000	oneMb150
150000000	oneMb1854
150000000	oneMb2053
150000000	oneMb2245
150000000	oneMb2426
150000000	oneMb2598
15000000	oneMb1089
15000000	oneMb1171
15000000	oneMb1250
15000000	oneMb1310
15000000	oneMb15
15000000	oneMb1554
15000000	oneMb1618
15000000	oneMb1667
15000000	oneMb1719
15000000	oneMb1918
15000000	oneMb2110
15000000	oneMb2291
15000000	oneMb2463
15000000	oneMb2623
15000000	oneMb265
15000000	oneMb2770
15000000	oneMb401
15000000	oneMb537
15000000	oneMb671
15000000	oneMb787
15000000	oneMb895
15000000	oneMb998
151000000	oneMb1446
151000000	oneMb151
151000000	oneMb1855
151000000	oneMb2054
151000000	oneMb2246
151000000	oneMb2427
151000000	oneMb2599
152000000	oneMb1447
152000000	oneMb152
152000000	oneMb1856
152000000	oneMb2055
152000000	oneMb2247
152000000	oneMb2428
152000000	oneMb2600
153000000	oneMb1448
153000000	oneMb153
153000000	oneMb1857
153000000	oneMb2056
153000000	oneMb2248
153000000	oneMb2429
153000000	oneMb2601
154000000	oneMb1449
154000000	oneMb154
154000000	oneMb1858
154000000	oneMb2057
154000000	oneMb2249
154000000	oneMb2430
154000000	oneMb2602
155000000	oneMb1450
155000000	oneMb155
155000000	oneMb1859
155000000	oneMb2058
155000000	oneMb2250
155000000	oneMb2431
155000000	oneMb2603
156000000	oneMb1451
156000000	oneMb156
156000000	oneMb1860
156000000	oneMb2059
156000000	oneMb2251
156000000	oneMb2432
156000000	oneMb2604
157000000	oneMb1452
157000000	oneMb157
157000000	oneMb1861
157000000	oneMb2060
157000000	oneMb2252
157000000	oneMb2433
157000000	oneMb2605
158000000	oneMb1453
158000000	oneMb158
158000000	oneMb1862
158000000	oneMb2061
158000000	oneMb2253
158000000	oneMb2434
158000000	oneMb2606
159000000	oneMb1454
159000000	oneMb159
159000000	oneMb1863
159000000	oneMb2062
159000000	oneMb2254
159000000	oneMb2435
159000000	oneMb2607
159138663	oneMb2608
160000000	oneMb1455
160000000	oneMb160
160000000	oneMb1864
160000000	oneMb2063
160000000	oneMb2255
160000000	oneMb2436
16000000	oneMb1090
16000000	oneMb1172
16000000	oneMb1251
16000000	oneMb1311
16000000	oneMb1555
16000000	oneMb16
16000000	oneMb1619
16000000	oneMb1668
16000000	oneMb1720
16000000	oneMb1919
16000000	oneMb2111
16000000	oneMb2292
16000000	oneMb2464
16000000	oneMb2624
16000000	oneMb266
16000000	oneMb2771
16000000	oneMb402
16000000	oneMb538
16000000	oneMb672
16000000	oneMb788
16000000	oneMb896
16000000	oneMb999
161000000	oneMb1456
161000000	oneMb161
161000000	oneMb1865
161000000	oneMb2064
161000000	oneMb2256
161000000	oneMb2437
162000000	oneMb1457
162000000	oneMb162
162000000	oneMb1866
162000000	oneMb2065
162000000	oneMb2257
162000000	oneMb2438
163000000	oneMb1458
163000000	oneMb163
163000000	oneMb1867
163000000	oneMb2066
163000000	oneMb2258
163000000	oneMb2439
164000000	oneMb1459
164000000	oneMb164
164000000	oneMb1868
164000000	oneMb2067
164000000	oneMb2259
164000000	oneMb2440
165000000	oneMb1460
165000000	oneMb165
165000000	oneMb1869
165000000	oneMb2068
165000000	oneMb2260
165000000	oneMb2441
166000000	oneMb1461
166000000	oneMb166
166000000	oneMb1870
166000000	oneMb2069
166000000	oneMb2261
166000000	oneMb2442
167000000	oneMb1462
167000000	oneMb167
167000000	oneMb1871
167000000	oneMb2070
167000000	oneMb2262
167000000	oneMb2443
168000000	oneMb1463
168000000	oneMb168
168000000	oneMb1872
168000000	oneMb2071
168000000	oneMb2263
168000000	oneMb2444
169000000	oneMb1464
169000000	oneMb169
169000000	oneMb1873
169000000	oneMb2072
169000000	oneMb2264
169000000	oneMb2445
170000000	oneMb1465
170000000	oneMb170
170000000	oneMb1874
170000000	oneMb2073
170000000	oneMb2265
170000000	oneMb2446
17000000	oneMb1000
17000000	oneMb1091
17000000	oneMb1173
17000000	oneMb1252
17000000	oneMb1312
17000000	oneMb1556
17000000	oneMb1620
17000000	oneMb1669
17000000	oneMb17
17000000	oneMb1721
17000000	oneMb1920
17000000	oneMb2112
17000000	oneMb2293
17000000	oneMb2465
17000000	oneMb2625
17000000	oneMb267
17000000	oneMb2772
17000000	oneMb403
17000000	oneMb539
17000000	oneMb673
17000000	oneMb789
17000000	oneMb897
171000000	oneMb1466
171000000	oneMb171
171000000	oneMb1875
171000000	oneMb2074
171000000	oneMb2266
171000000	oneMb2447
171115067	oneMb2448
172000000	oneMb1467
172000000	oneMb172
172000000	oneMb1876
172000000	oneMb2075
172000000	oneMb2267
173000000	oneMb1468
173000000	oneMb173
173000000	oneMb1877
173000000	oneMb2076
173000000	oneMb2268
174000000	oneMb1469
174000000	oneMb174
174000000	oneMb1878
174000000	oneMb2077
174000000	oneMb2269
175000000	oneMb1470
175000000	oneMb175
175000000	oneMb1879
175000000	oneMb2078
175000000	oneMb2270
176000000	oneMb1471
176000000	oneMb176
176000000	oneMb1880
176000000	oneMb2079
176000000	oneMb2271
177000000	oneMb1472
177000000	oneMb177
177000000	oneMb1881
177000000	oneMb2080
177000000	oneMb2272
178000000	oneMb1473
178000000	oneMb178
178000000	oneMb1882
178000000	oneMb2081
178000000	oneMb2273
179000000	oneMb1474
179000000	oneMb179
179000000	oneMb1883
179000000	oneMb2082
179000000	oneMb2274
180000000	oneMb1475
180000000	oneMb180
180000000	oneMb1884
180000000	oneMb2083
180000000	oneMb2275
18000000	oneMb1001
18000000	oneMb1092
18000000	oneMb1174
18000000	oneMb1253
18000000	oneMb1313
18000000	oneMb1557
18000000	oneMb1621
18000000	oneMb1670
18000000	oneMb1722
18000000	oneMb18
18000000	oneMb1921
18000000	oneMb2113
18000000	oneMb2294
18000000	oneMb2466
18000000	oneMb2626
18000000	oneMb268
18000000	oneMb2773
18000000	oneMb404
18000000	oneMb540
18000000	oneMb674
18000000	oneMb790
18000000	oneMb898
180915260	oneMb2276
181000000	oneMb1476
181000000	oneMb181
181000000	oneMb1885
181000000	oneMb2084
182000000	oneMb1477
182000000	oneMb182
182000000	oneMb1886
182000000	oneMb2085
183000000	oneMb1478
183000000	oneMb183
183000000	oneMb1887
183000000	oneMb2086
184000000	oneMb1479
184000000	oneMb184
184000000	oneMb1888
184000000	oneMb2087
185000000	oneMb1480
185000000	oneMb185
185000000	oneMb1889
185000000	oneMb2088
186000000	oneMb1481
186000000	oneMb186
186000000	oneMb1890
186000000	oneMb2089
187000000	oneMb1482
187000000	oneMb187
187000000	oneMb1891
187000000	oneMb2090
188000000	oneMb1483
188000000	oneMb188
188000000	oneMb1892
188000000	oneMb2091
189000000	oneMb1484
189000000	oneMb189
189000000	oneMb1893
189000000	oneMb2092
190000000	oneMb1485
190000000	oneMb1894
190000000	oneMb190
190000000	oneMb2093
19000000	oneMb1002
19000000	oneMb1093
19000000	oneMb1175
19000000	oneMb1254
19000000	oneMb1314
19000000	oneMb1558
19000000	oneMb1622
19000000	oneMb1671
19000000	oneMb1723
19000000	oneMb19
19000000	oneMb1922
19000000	oneMb2114
19000000	oneMb2295
19000000	oneMb2467
19000000	oneMb2627
19000000	oneMb269
19000000	oneMb2774
19000000	oneMb405
19000000	oneMb541
19000000	oneMb675
19000000	oneMb791
19000000	oneMb899
191000000	oneMb1486
191000000	oneMb1895
191000000	oneMb191
191000000	oneMb2094
191154276	oneMb2095
192000000	oneMb1487
192000000	oneMb1896
192000000	oneMb192
193000000	oneMb1488
193000000	oneMb1897
193000000	oneMb193
194000000	oneMb1489
194000000	oneMb1898
194000000	oneMb194
195000000	oneMb1490
195000000	oneMb1899
195000000	oneMb195
196000000	oneMb1491
196000000	oneMb1900
196000000	oneMb196
197000000	oneMb1492
197000000	oneMb1901
197000000	oneMb197
198000000	oneMb1493
198000000	oneMb1902
198000000	oneMb198
198022430	oneMb1903
199000000	oneMb1494
199000000	oneMb199
200000000	oneMb1495
200000000	oneMb200
20000000	oneMb1003
20000000	oneMb1094
20000000	oneMb1176
20000000	oneMb1255
20000000	oneMb1315
20000000	oneMb1559
20000000	oneMb1623
20000000	oneMb1672
20000000	oneMb1724
20000000	oneMb1923
20000000	oneMb20
20000000	oneMb2115
20000000	oneMb2296
20000000	oneMb2468
20000000	oneMb2628
20000000	oneMb270
20000000	oneMb2775
20000000	oneMb406
20000000	oneMb542
20000000	oneMb676
20000000	oneMb792
20000000	oneMb900
2000000	oneMb1076
2000000	oneMb1158
2000000	oneMb1237
2000000	oneMb1297
2000000	oneMb1541
2000000	oneMb1605
2000000	oneMb1654
2000000	oneMb1706
2000000	oneMb1905
2000000	oneMb2
2000000	oneMb2097
2000000	oneMb2278
2000000	oneMb2450
2000000	oneMb252
2000000	oneMb2610
2000000	oneMb2757
2000000	oneMb388
2000000	oneMb524
2000000	oneMb658
2000000	oneMb774
2000000	oneMb882
2000000	oneMb985
201000000	oneMb1496
201000000	oneMb201
202000000	oneMb1497
202000000	oneMb202
203000000	oneMb1498
203000000	oneMb203
204000000	oneMb1499
204000000	oneMb204
205000000	oneMb1500
205000000	oneMb205
206000000	oneMb1501
206000000	oneMb206
207000000	oneMb1502
207000000	oneMb207
208000000	oneMb1503
208000000	oneMb208
209000000	oneMb1504
209000000	oneMb209
210000000	oneMb1505
210000000	oneMb210
21000000	oneMb1004
21000000	oneMb1095
21000000	oneMb1177
21000000	oneMb1256
21000000	oneMb1316
21000000	oneMb1560
21000000	oneMb1624
21000000	oneMb1673
21000000	oneMb1725
21000000	oneMb1924
21000000	oneMb21
21000000	oneMb2116
21000000	oneMb2297
21000000	oneMb2469
21000000	oneMb2629
21000000	oneMb271
21000000	oneMb2776
21000000	oneMb407
21000000	oneMb543
21000000	oneMb677
21000000	oneMb793
21000000	oneMb901
211000000	oneMb1506
211000000	oneMb211
212000000	oneMb1507
212000000	oneMb212
213000000	oneMb1508
213000000	oneMb213
214000000	oneMb1509
214000000	oneMb214
215000000	oneMb1510
215000000	oneMb215
216000000	oneMb1511
216000000	oneMb216
217000000	oneMb1512
217000000	oneMb217
218000000	oneMb1513
218000000	oneMb218
219000000	oneMb1514
219000000	oneMb219
220000000	oneMb1515
220000000	oneMb220
22000000	oneMb1005
22000000	oneMb1096
22000000	oneMb1178
22000000	oneMb1257
22000000	oneMb1317
22000000	oneMb1561
22000000	oneMb1625
22000000	oneMb1674
22000000	oneMb1726
22000000	oneMb1925
22000000	oneMb2117
22000000	oneMb22
22000000	oneMb2298
22000000	oneMb2470
22000000	oneMb2630
22000000	oneMb272
22000000	oneMb2777
22000000	oneMb408
22000000	oneMb544
22000000	oneMb678
22000000	oneMb794
22000000	oneMb902
221000000	oneMb1516
221000000	oneMb221
222000000	oneMb1517
222000000	oneMb222
223000000	oneMb1518
223000000	oneMb223
224000000	oneMb1519
224000000	oneMb224
225000000	oneMb1520
225000000	oneMb225
226000000	oneMb1521
226000000	oneMb226
227000000	oneMb1522
227000000	oneMb227
228000000	oneMb1523
228000000	oneMb228
229000000	oneMb1524
229000000	oneMb229
230000000	oneMb1525
230000000	oneMb230
23000000	oneMb1006
23000000	oneMb1097
23000000	oneMb1179
23000000	oneMb1258
23000000	oneMb1318
23000000	oneMb1562
23000000	oneMb1626
23000000	oneMb1675
23000000	oneMb1727
23000000	oneMb1926
23000000	oneMb2118
23000000	oneMb2299
23000000	oneMb23
23000000	oneMb2471
23000000	oneMb2631
23000000	oneMb273
23000000	oneMb2778
23000000	oneMb409
23000000	oneMb545
23000000	oneMb679
23000000	oneMb795
23000000	oneMb903
231000000	oneMb1526
231000000	oneMb231
232000000	oneMb1527
232000000	oneMb232
233000000	oneMb1528
233000000	oneMb233
234000000	oneMb1529
234000000	oneMb234
235000000	oneMb1530
235000000	oneMb235
236000000	oneMb1531
236000000	oneMb236
237000000	oneMb1532
237000000	oneMb237
238000000	oneMb1533
238000000	oneMb238
239000000	oneMb1534
239000000	oneMb239
240000000	oneMb1535
240000000	oneMb240
24000000	oneMb1007
24000000	oneMb1098
24000000	oneMb1180
24000000	oneMb1259
24000000	oneMb1319
24000000	oneMb1563
24000000	oneMb1627
24000000	oneMb1676
24000000	oneMb1728
24000000	oneMb1927
24000000	oneMb2119
24000000	oneMb2300
24000000	oneMb24
24000000	oneMb2472
24000000	oneMb2632
24000000	oneMb274
24000000	oneMb2779
24000000	oneMb410
24000000	oneMb546
24000000	oneMb680
24000000	oneMb796
24000000	oneMb904
241000000	oneMb1536
241000000	oneMb241
242000000	oneMb1537
242000000	oneMb242
243000000	oneMb1538
243000000	oneMb243
243199373	oneMb1539
244000000	oneMb244
245000000	oneMb245
246000000	oneMb246
247000000	oneMb247
248000000	oneMb248
249000000	oneMb249
249250621	oneMb250
25000000	oneMb1008
25000000	oneMb1099
25000000	oneMb1181
25000000	oneMb1260
25000000	oneMb1320
25000000	oneMb1564
25000000	oneMb1628
25000000	oneMb1677
25000000	oneMb1729
25000000	oneMb1928
25000000	oneMb2120
25000000	oneMb2301
25000000	oneMb2473
25000000	oneMb25
25000000	oneMb2633
25000000	oneMb275
25000000	oneMb2780
25000000	oneMb411
25000000	oneMb547
25000000	oneMb681
25000000	oneMb797
25000000	oneMb905
26000000	oneMb1009
26000000	oneMb1100
26000000	oneMb1182
26000000	oneMb1261
26000000	oneMb1321
26000000	oneMb1565
26000000	oneMb1629
26000000	oneMb1678
26000000	oneMb1730
26000000	oneMb1929
26000000	oneMb2121
26000000	oneMb2302
26000000	oneMb2474
26000000	oneMb26
26000000	oneMb2634
26000000	oneMb276
26000000	oneMb2781
26000000	oneMb412
26000000	oneMb548
26000000	oneMb682
26000000	oneMb798
26000000	oneMb906
27000000	oneMb1010
27000000	oneMb1101
27000000	oneMb1183
27000000	oneMb1262
27000000	oneMb1322
27000000	oneMb1566
27000000	oneMb1630
27000000	oneMb1679
27000000	oneMb1731
27000000	oneMb1930
27000000	oneMb2122
27000000	oneMb2303
27000000	oneMb2475
27000000	oneMb2635
27000000	oneMb27
27000000	oneMb277
27000000	oneMb2782
27000000	oneMb413
27000000	oneMb549
27000000	oneMb683
27000000	oneMb799
27000000	oneMb907
28000000	oneMb1011
28000000	oneMb1102
28000000	oneMb1184
28000000	oneMb1263
28000000	oneMb1323
28000000	oneMb1567
28000000	oneMb1631
28000000	oneMb1680
28000000	oneMb1732
28000000	oneMb1931
28000000	oneMb2123
28000000	oneMb2304
28000000	oneMb2476
28000000	oneMb2636
28000000	oneMb278
28000000	oneMb2783
28000000	oneMb28
28000000	oneMb414
28000000	oneMb550
28000000	oneMb684
28000000	oneMb800
28000000	oneMb908
29000000	oneMb1012
29000000	oneMb1103
29000000	oneMb1185
29000000	oneMb1264
29000000	oneMb1324
29000000	oneMb1568
29000000	oneMb1632
29000000	oneMb1681
29000000	oneMb1733
29000000	oneMb1932
29000000	oneMb2124
29000000	oneMb2305
29000000	oneMb2477
29000000	oneMb2637
29000000	oneMb2784
29000000	oneMb279
29000000	oneMb29
29000000	oneMb415
29000000	oneMb551
29000000	oneMb685
29000000	oneMb801
29000000	oneMb909
30000000	oneMb1013
30000000	oneMb1104
30000000	oneMb1186
30000000	oneMb1265
30000000	oneMb1325
30000000	oneMb1569
30000000	oneMb1633
30000000	oneMb1682
30000000	oneMb1734
30000000	oneMb1933
30000000	oneMb2125
30000000	oneMb2306
30000000	oneMb2478
30000000	oneMb2638
30000000	oneMb2785
30000000	oneMb280
30000000	oneMb30
30000000	oneMb416
30000000	oneMb552
30000000	oneMb686
30000000	oneMb802
30000000	oneMb910
3000000	oneMb1077
3000000	oneMb1159
3000000	oneMb1238
3000000	oneMb1298
3000000	oneMb1542
3000000	oneMb1606
3000000	oneMb1655
3000000	oneMb1707
3000000	oneMb1906
3000000	oneMb2098
3000000	oneMb2279
3000000	oneMb2451
3000000	oneMb253
3000000	oneMb2611
3000000	oneMb2758
3000000	oneMb3
3000000	oneMb389
3000000	oneMb525
3000000	oneMb659
3000000	oneMb775
3000000	oneMb883
3000000	oneMb986
31000000	oneMb1014
31000000	oneMb1105
31000000	oneMb1187
31000000	oneMb1266
31000000	oneMb1326
31000000	oneMb1570
31000000	oneMb1634
31000000	oneMb1683
31000000	oneMb1735
31000000	oneMb1934
31000000	oneMb2126
31000000	oneMb2307
31000000	oneMb2479
31000000	oneMb2639
31000000	oneMb2786
31000000	oneMb281
31000000	oneMb31
31000000	oneMb417
31000000	oneMb553
31000000	oneMb687
31000000	oneMb803
31000000	oneMb911
32000000	oneMb1015
32000000	oneMb1106
32000000	oneMb1188
32000000	oneMb1267
32000000	oneMb1327
32000000	oneMb1571
32000000	oneMb1635
32000000	oneMb1684
32000000	oneMb1736
32000000	oneMb1935
32000000	oneMb2127
32000000	oneMb2308
32000000	oneMb2480
32000000	oneMb2640
32000000	oneMb2787
32000000	oneMb282
32000000	oneMb32
32000000	oneMb418
32000000	oneMb554
32000000	oneMb688
32000000	oneMb804
32000000	oneMb912
33000000	oneMb1016
33000000	oneMb1107
33000000	oneMb1189
33000000	oneMb1268
33000000	oneMb1328
33000000	oneMb1572
33000000	oneMb1636
33000000	oneMb1685
33000000	oneMb1737
33000000	oneMb1936
33000000	oneMb2128
33000000	oneMb2309
33000000	oneMb2481
33000000	oneMb2641
33000000	oneMb2788
33000000	oneMb283
33000000	oneMb33
33000000	oneMb419
33000000	oneMb555
33000000	oneMb689
33000000	oneMb805
33000000	oneMb913
34000000	oneMb1017
34000000	oneMb1108
34000000	oneMb1190
34000000	oneMb1269
34000000	oneMb1329
34000000	oneMb1573
34000000	oneMb1637
34000000	oneMb1686
34000000	oneMb1738
34000000	oneMb1937
34000000	oneMb2129
34000000	oneMb2310
34000000	oneMb2482
34000000	oneMb2642
34000000	oneMb2789
34000000	oneMb284
34000000	oneMb34
34000000	oneMb420
34000000	oneMb556
34000000	oneMb690
34000000	oneMb806
34000000	oneMb914
35000000	oneMb1018
35000000	oneMb1109
35000000	oneMb1191
35000000	oneMb1270
35000000	oneMb1330
35000000	oneMb1574
35000000	oneMb1638
35000000	oneMb1687
35000000	oneMb1739
35000000	oneMb1938
35000000	oneMb2130
35000000	oneMb2311
35000000	oneMb2483
35000000	oneMb2643
35000000	oneMb2790
35000000	oneMb285
35000000	oneMb35
35000000	oneMb421
35000000	oneMb557
35000000	oneMb691
35000000	oneMb807
35000000	oneMb915
36000000	oneMb1019
36000000	oneMb1110
36000000	oneMb1192
36000000	oneMb1271
36000000	oneMb1331
36000000	oneMb1575
36000000	oneMb1639
36000000	oneMb1688
36000000	oneMb1740
36000000	oneMb1939
36000000	oneMb2131
36000000	oneMb2312
36000000	oneMb2484
36000000	oneMb2644
36000000	oneMb2791
36000000	oneMb286
36000000	oneMb36
36000000	oneMb422
36000000	oneMb558
36000000	oneMb692
36000000	oneMb808
36000000	oneMb916
37000000	oneMb1020
37000000	oneMb1111
37000000	oneMb1193
37000000	oneMb1272
37000000	oneMb1332
37000000	oneMb1576
37000000	oneMb1640
37000000	oneMb1689
37000000	oneMb1741
37000000	oneMb1940
37000000	oneMb2132
37000000	oneMb2313
37000000	oneMb2485
37000000	oneMb2645
37000000	oneMb2792
37000000	oneMb287
37000000	oneMb37
37000000	oneMb423
37000000	oneMb559
37000000	oneMb693
37000000	oneMb809
37000000	oneMb917
38000000	oneMb1021
38000000	oneMb1112
38000000	oneMb1194
38000000	oneMb1273
38000000	oneMb1333
38000000	oneMb1577
38000000	oneMb1641
38000000	oneMb1690
38000000	oneMb1742
38000000	oneMb1941
38000000	oneMb2133
38000000	oneMb2314
38000000	oneMb2486
38000000	oneMb2646
38000000	oneMb2793
38000000	oneMb288
38000000	oneMb38
38000000	oneMb424
38000000	oneMb560
38000000	oneMb694
38000000	oneMb810
38000000	oneMb918
39000000	oneMb1022
39000000	oneMb1113
39000000	oneMb1195
39000000	oneMb1274
39000000	oneMb1334
39000000	oneMb1578
39000000	oneMb1642
39000000	oneMb1691
39000000	oneMb1743
39000000	oneMb1942
39000000	oneMb2134
39000000	oneMb2315
39000000	oneMb2487
39000000	oneMb2647
39000000	oneMb2794
39000000	oneMb289
39000000	oneMb39
39000000	oneMb425
39000000	oneMb561
39000000	oneMb695
39000000	oneMb811
39000000	oneMb919
40000000	oneMb1023
40000000	oneMb1114
40000000	oneMb1196
40000000	oneMb1275
40000000	oneMb1335
40000000	oneMb1579
40000000	oneMb1643
40000000	oneMb1692
40000000	oneMb1744
40000000	oneMb1943
40000000	oneMb2135
40000000	oneMb2316
40000000	oneMb2488
40000000	oneMb2648
40000000	oneMb2795
40000000	oneMb290
40000000	oneMb40
40000000	oneMb426
40000000	oneMb562
40000000	oneMb696
40000000	oneMb812
40000000	oneMb920
4000000	oneMb1078
4000000	oneMb1160
4000000	oneMb1239
4000000	oneMb1299
4000000	oneMb1543
4000000	oneMb1607
4000000	oneMb1656
4000000	oneMb1708
4000000	oneMb1907
4000000	oneMb2099
4000000	oneMb2280
4000000	oneMb2452
4000000	oneMb254
4000000	oneMb2612
4000000	oneMb2759
4000000	oneMb390
4000000	oneMb4
4000000	oneMb526
4000000	oneMb660
4000000	oneMb776
4000000	oneMb884
4000000	oneMb987
41000000	oneMb1024
41000000	oneMb1115
41000000	oneMb1197
41000000	oneMb1276
41000000	oneMb1336
41000000	oneMb1580
41000000	oneMb1644
41000000	oneMb1693
41000000	oneMb1745
41000000	oneMb1944
41000000	oneMb2136
41000000	oneMb2317
41000000	oneMb2489
41000000	oneMb2649
41000000	oneMb2796
41000000	oneMb291
41000000	oneMb41
41000000	oneMb427
41000000	oneMb563
41000000	oneMb697
41000000	oneMb813
41000000	oneMb921
42000000	oneMb1025
42000000	oneMb1116
42000000	oneMb1198
42000000	oneMb1277
42000000	oneMb1337
42000000	oneMb1581
42000000	oneMb1645
42000000	oneMb1694
42000000	oneMb1746
42000000	oneMb1945
42000000	oneMb2137
42000000	oneMb2318
42000000	oneMb2490
42000000	oneMb2650
42000000	oneMb2797
42000000	oneMb292
42000000	oneMb42
42000000	oneMb428
42000000	oneMb564
42000000	oneMb698
42000000	oneMb814
42000000	oneMb922
43000000	oneMb1026
43000000	oneMb1117
43000000	oneMb1199
43000000	oneMb1278
43000000	oneMb1338
43000000	oneMb1582
43000000	oneMb1646
43000000	oneMb1695
43000000	oneMb1747
43000000	oneMb1946
43000000	oneMb2138
43000000	oneMb2319
43000000	oneMb2491
43000000	oneMb2651
43000000	oneMb2798
43000000	oneMb293
43000000	oneMb429
43000000	oneMb43
43000000	oneMb565
43000000	oneMb699
43000000	oneMb815
43000000	oneMb923
44000000	oneMb1027
44000000	oneMb1118
44000000	oneMb1200
44000000	oneMb1279
44000000	oneMb1339
44000000	oneMb1583
44000000	oneMb1647
44000000	oneMb1696
44000000	oneMb1748
44000000	oneMb1947
44000000	oneMb2139
44000000	oneMb2320
44000000	oneMb2492
44000000	oneMb2652
44000000	oneMb2799
44000000	oneMb294
44000000	oneMb430
44000000	oneMb44
44000000	oneMb566
44000000	oneMb700
44000000	oneMb816
44000000	oneMb924
45000000	oneMb1028
45000000	oneMb1119
45000000	oneMb1201
45000000	oneMb1280
45000000	oneMb1340
45000000	oneMb1584
45000000	oneMb1648
45000000	oneMb1697
45000000	oneMb1749
45000000	oneMb1948
45000000	oneMb2140
45000000	oneMb2321
45000000	oneMb2493
45000000	oneMb2653
45000000	oneMb2800
45000000	oneMb295
45000000	oneMb431
45000000	oneMb45
45000000	oneMb567
45000000	oneMb701
45000000	oneMb817
45000000	oneMb925
46000000	oneMb1029
46000000	oneMb1120
46000000	oneMb1202
46000000	oneMb1281
46000000	oneMb1341
46000000	oneMb1585
46000000	oneMb1649
46000000	oneMb1698
46000000	oneMb1750
46000000	oneMb1949
46000000	oneMb2141
46000000	oneMb2322
46000000	oneMb2494
46000000	oneMb2654
46000000	oneMb2801
46000000	oneMb296
46000000	oneMb432
46000000	oneMb46
46000000	oneMb568
46000000	oneMb702
46000000	oneMb818
46000000	oneMb926
47000000	oneMb1030
47000000	oneMb1121
47000000	oneMb1203
47000000	oneMb1282
47000000	oneMb1342
47000000	oneMb1586
47000000	oneMb1650
47000000	oneMb1699
47000000	oneMb1751
47000000	oneMb1950
47000000	oneMb2142
47000000	oneMb2323
47000000	oneMb2495
47000000	oneMb2655
47000000	oneMb2802
47000000	oneMb297
47000000	oneMb433
47000000	oneMb47
47000000	oneMb569
47000000	oneMb703
47000000	oneMb819
47000000	oneMb927
48000000	oneMb1031
48000000	oneMb1122
48000000	oneMb1204
48000000	oneMb1283
48000000	oneMb1343
48000000	oneMb1587
48000000	oneMb1651
48000000	oneMb1700
48000000	oneMb1752
48000000	oneMb1951
48000000	oneMb2143
48000000	oneMb2324
48000000	oneMb2496
48000000	oneMb2656
48000000	oneMb2803
48000000	oneMb298
48000000	oneMb434
48000000	oneMb48
48000000	oneMb570
48000000	oneMb704
48000000	oneMb820
48000000	oneMb928
48129895	oneMb1652
49000000	oneMb1032
49000000	oneMb1123
49000000	oneMb1205
49000000	oneMb1284
49000000	oneMb1344
49000000	oneMb1588
49000000	oneMb1701
49000000	oneMb1753
49000000	oneMb1952
49000000	oneMb2144
49000000	oneMb2325
49000000	oneMb2497
49000000	oneMb2657
49000000	oneMb2804
49000000	oneMb299
49000000	oneMb435
49000000	oneMb49
49000000	oneMb571
49000000	oneMb705
49000000	oneMb821
49000000	oneMb929
50000000	oneMb1033
50000000	oneMb1124
50000000	oneMb1206
50000000	oneMb1285
50000000	oneMb1345
50000000	oneMb1589
50000000	oneMb1702
50000000	oneMb1754
50000000	oneMb1953
50000000	oneMb2145
50000000	oneMb2326
50000000	oneMb2498
50000000	oneMb2658
50000000	oneMb2805
50000000	oneMb300
50000000	oneMb436
50000000	oneMb50
50000000	oneMb572
50000000	oneMb706
50000000	oneMb822
50000000	oneMb930
5000000	oneMb1079
5000000	oneMb1161
5000000	oneMb1240
5000000	oneMb1300
5000000	oneMb1544
5000000	oneMb1608
5000000	oneMb1657
5000000	oneMb1709
5000000	oneMb1908
5000000	oneMb2100
5000000	oneMb2281
5000000	oneMb2453
5000000	oneMb255
5000000	oneMb2613
5000000	oneMb2760
5000000	oneMb391
5000000	oneMb5
5000000	oneMb527
5000000	oneMb661
5000000	oneMb777
5000000	oneMb885
5000000	oneMb988
51000000	oneMb1034
51000000	oneMb1125
51000000	oneMb1207
51000000	oneMb1286
51000000	oneMb1346
51000000	oneMb1590
51000000	oneMb1703
51000000	oneMb1755
51000000	oneMb1954
51000000	oneMb2146
51000000	oneMb2327
51000000	oneMb2499
51000000	oneMb2659
51000000	oneMb2806
51000000	oneMb301
51000000	oneMb437
51000000	oneMb51
51000000	oneMb573
51000000	oneMb707
51000000	oneMb823
51000000	oneMb931
51304566	oneMb1704
52000000	oneMb1035
52000000	oneMb1126
52000000	oneMb1208
52000000	oneMb1287
52000000	oneMb1347
52000000	oneMb1591
52000000	oneMb1756
52000000	oneMb1955
52000000	oneMb2147
52000000	oneMb2328
52000000	oneMb2500
52000000	oneMb2660
52000000	oneMb2807
52000000	oneMb302
52000000	oneMb438
52000000	oneMb52
52000000	oneMb574
52000000	oneMb708
52000000	oneMb824
52000000	oneMb932
53000000	oneMb1036
53000000	oneMb1127
53000000	oneMb1209
53000000	oneMb1288
53000000	oneMb1348
53000000	oneMb1592
53000000	oneMb1757
53000000	oneMb1956
53000000	oneMb2148
53000000	oneMb2329
53000000	oneMb2501
53000000	oneMb2661
53000000	oneMb2808
53000000	oneMb303
53000000	oneMb439
53000000	oneMb53
53000000	oneMb575
53000000	oneMb709
53000000	oneMb825
53000000	oneMb933
54000000	oneMb1037
54000000	oneMb1128
54000000	oneMb1210
54000000	oneMb1289
54000000	oneMb1349
54000000	oneMb1593
54000000	oneMb1758
54000000	oneMb1957
54000000	oneMb2149
54000000	oneMb2330
54000000	oneMb2502
54000000	oneMb2662
54000000	oneMb2809
54000000	oneMb304
54000000	oneMb440
54000000	oneMb54
54000000	oneMb576
54000000	oneMb710
54000000	oneMb826
54000000	oneMb934
55000000	oneMb1038
55000000	oneMb1129
55000000	oneMb1211
55000000	oneMb1290
55000000	oneMb1350
55000000	oneMb1594
55000000	oneMb1759
55000000	oneMb1958
55000000	oneMb2150
55000000	oneMb2331
55000000	oneMb2503
55000000	oneMb2663
55000000	oneMb2810
55000000	oneMb305
55000000	oneMb441
55000000	oneMb55
55000000	oneMb577
55000000	oneMb711
55000000	oneMb827
55000000	oneMb935
56000000	oneMb1039
56000000	oneMb1130
56000000	oneMb1212
56000000	oneMb1291
56000000	oneMb1351
56000000	oneMb1595
56000000	oneMb1760
56000000	oneMb1959
56000000	oneMb2151
56000000	oneMb2332
56000000	oneMb2504
56000000	oneMb2664
56000000	oneMb2811
56000000	oneMb306
56000000	oneMb442
56000000	oneMb56
56000000	oneMb578
56000000	oneMb712
56000000	oneMb828
56000000	oneMb936
57000000	oneMb1040
57000000	oneMb1131
57000000	oneMb1213
57000000	oneMb1292
57000000	oneMb1352
57000000	oneMb1596
57000000	oneMb1761
57000000	oneMb1960
57000000	oneMb2152
57000000	oneMb2333
57000000	oneMb2505
57000000	oneMb2665
57000000	oneMb2812
57000000	oneMb307
57000000	oneMb443
57000000	oneMb57
57000000	oneMb579
57000000	oneMb713
57000000	oneMb829
57000000	oneMb937
58000000	oneMb1041
58000000	oneMb1132
58000000	oneMb1214
58000000	oneMb1293
58000000	oneMb1353
58000000	oneMb1597
58000000	oneMb1762
58000000	oneMb1961
58000000	oneMb2153
58000000	oneMb2334
58000000	oneMb2506
58000000	oneMb2666
58000000	oneMb2813
58000000	oneMb308
58000000	oneMb444
58000000	oneMb58
58000000	oneMb580
58000000	oneMb714
58000000	oneMb830
58000000	oneMb938
59000000	oneMb1042
59000000	oneMb1133
59000000	oneMb1215
59000000	oneMb1294
59000000	oneMb1354
59000000	oneMb1598
59000000	oneMb1763
59000000	oneMb1962
59000000	oneMb2154
59000000	oneMb2335
59000000	oneMb2507
59000000	oneMb2667
59000000	oneMb2814
59000000	oneMb309
59000000	oneMb445
59000000	oneMb581
59000000	oneMb59
59000000	oneMb715
59000000	oneMb831
59000000	oneMb939
59128983	oneMb1295
60000000	oneMb1043
60000000	oneMb1134
60000000	oneMb1216
60000000	oneMb1355
60000000	oneMb1599
60000000	oneMb1764
60000000	oneMb1963
60000000	oneMb2155
60000000	oneMb2336
60000000	oneMb2508
60000000	oneMb2668
60000000	oneMb2815
60000000	oneMb310
60000000	oneMb446
60000000	oneMb582
60000000	oneMb60
60000000	oneMb716
60000000	oneMb832
60000000	oneMb940
6000000	oneMb1080
6000000	oneMb1162
6000000	oneMb1241
6000000	oneMb1301
6000000	oneMb1545
6000000	oneMb1609
6000000	oneMb1658
6000000	oneMb1710
6000000	oneMb1909
6000000	oneMb2101
6000000	oneMb2282
6000000	oneMb2454
6000000	oneMb256
6000000	oneMb2614
6000000	oneMb2761
6000000	oneMb392
6000000	oneMb528
6000000	oneMb6
6000000	oneMb662
6000000	oneMb778
6000000	oneMb886
6000000	oneMb989
61000000	oneMb1044
61000000	oneMb1135
61000000	oneMb1217
61000000	oneMb1356
61000000	oneMb1600
61000000	oneMb1765
61000000	oneMb1964
61000000	oneMb2156
61000000	oneMb2337
61000000	oneMb2509
61000000	oneMb2669
61000000	oneMb2816
61000000	oneMb311
61000000	oneMb447
61000000	oneMb583
61000000	oneMb61
61000000	oneMb717
61000000	oneMb833
61000000	oneMb941
62000000	oneMb1045
62000000	oneMb1136
62000000	oneMb1218
62000000	oneMb1357
62000000	oneMb1601
62000000	oneMb1766
62000000	oneMb1965
62000000	oneMb2157
62000000	oneMb2338
62000000	oneMb2510
62000000	oneMb2670
62000000	oneMb2817
62000000	oneMb312
62000000	oneMb448
62000000	oneMb584
62000000	oneMb62
62000000	oneMb718
62000000	oneMb834
62000000	oneMb942
63000000	oneMb1046
63000000	oneMb1137
63000000	oneMb1219
63000000	oneMb1358
63000000	oneMb1602
63000000	oneMb1767
63000000	oneMb1966
63000000	oneMb2158
63000000	oneMb2339
63000000	oneMb2511
63000000	oneMb2671
63000000	oneMb2818
63000000	oneMb313
63000000	oneMb449
63000000	oneMb585
63000000	oneMb63
63000000	oneMb719
63000000	oneMb835
63000000	oneMb943
63025520	oneMb1603
64000000	oneMb1047
64000000	oneMb1138
64000000	oneMb1220
64000000	oneMb1359
64000000	oneMb1768
64000000	oneMb1967
64000000	oneMb2159
64000000	oneMb2340
64000000	oneMb2512
64000000	oneMb2672
64000000	oneMb2819
64000000	oneMb314
64000000	oneMb450
64000000	oneMb586
64000000	oneMb64
64000000	oneMb720
64000000	oneMb836
64000000	oneMb944
65000000	oneMb1048
65000000	oneMb1139
65000000	oneMb1221
65000000	oneMb1360
65000000	oneMb1769
65000000	oneMb1968
65000000	oneMb2160
65000000	oneMb2341
65000000	oneMb2513
65000000	oneMb2673
65000000	oneMb2820
65000000	oneMb315
65000000	oneMb451
65000000	oneMb587
65000000	oneMb65
65000000	oneMb721
65000000	oneMb837
65000000	oneMb945
66000000	oneMb1049
66000000	oneMb1140
66000000	oneMb1222
66000000	oneMb1361
66000000	oneMb1770
66000000	oneMb1969
66000000	oneMb2161
66000000	oneMb2342
66000000	oneMb2514
66000000	oneMb2674
66000000	oneMb2821
66000000	oneMb316
66000000	oneMb452
66000000	oneMb588
66000000	oneMb66
66000000	oneMb722
66000000	oneMb838
66000000	oneMb946
67000000	oneMb1050
67000000	oneMb1141
67000000	oneMb1223
67000000	oneMb1362
67000000	oneMb1771
67000000	oneMb1970
67000000	oneMb2162
67000000	oneMb2343
67000000	oneMb2515
67000000	oneMb2675
67000000	oneMb2822
67000000	oneMb317
67000000	oneMb453
67000000	oneMb589
67000000	oneMb67
67000000	oneMb723
67000000	oneMb839
67000000	oneMb947
68000000	oneMb1051
68000000	oneMb1142
68000000	oneMb1224
68000000	oneMb1363
68000000	oneMb1772
68000000	oneMb1971
68000000	oneMb2163
68000000	oneMb2344
68000000	oneMb2516
68000000	oneMb2676
68000000	oneMb2823
68000000	oneMb318
68000000	oneMb454
68000000	oneMb590
68000000	oneMb68
68000000	oneMb724
68000000	oneMb840
68000000	oneMb948
69000000	oneMb1052
69000000	oneMb1143
69000000	oneMb1225
69000000	oneMb1364
69000000	oneMb1773
69000000	oneMb1972
69000000	oneMb2164
69000000	oneMb2345
69000000	oneMb2517
69000000	oneMb2677
69000000	oneMb2824
69000000	oneMb319
69000000	oneMb455
69000000	oneMb591
69000000	oneMb69
69000000	oneMb725
69000000	oneMb841
69000000	oneMb949
70000000	oneMb1053
70000000	oneMb1144
70000000	oneMb1226
70000000	oneMb1365
70000000	oneMb1774
70000000	oneMb1973
70000000	oneMb2165
70000000	oneMb2346
70000000	oneMb2518
70000000	oneMb2678
70000000	oneMb2825
70000000	oneMb320
70000000	oneMb456
70000000	oneMb592
70000000	oneMb70
70000000	oneMb726
70000000	oneMb842
70000000	oneMb950
7000000	oneMb1081
7000000	oneMb1163
7000000	oneMb1242
7000000	oneMb1302
7000000	oneMb1546
7000000	oneMb1610
7000000	oneMb1659
7000000	oneMb1711
7000000	oneMb1910
7000000	oneMb2102
7000000	oneMb2283
7000000	oneMb2455
7000000	oneMb257
7000000	oneMb2615
7000000	oneMb2762
7000000	oneMb393
7000000	oneMb529
7000000	oneMb663
7000000	oneMb7
7000000	oneMb779
7000000	oneMb887
7000000	oneMb990
71000000	oneMb1054
71000000	oneMb1145
71000000	oneMb1227
71000000	oneMb1366
71000000	oneMb1775
71000000	oneMb1974
71000000	oneMb2166
71000000	oneMb2347
71000000	oneMb2519
71000000	oneMb2679
71000000	oneMb2826
71000000	oneMb321
71000000	oneMb457
71000000	oneMb593
71000000	oneMb71
71000000	oneMb727
71000000	oneMb843
71000000	oneMb951
72000000	oneMb1055
72000000	oneMb1146
72000000	oneMb1228
72000000	oneMb1367
72000000	oneMb1776
72000000	oneMb1975
72000000	oneMb2167
72000000	oneMb2348
72000000	oneMb2520
72000000	oneMb2680
72000000	oneMb2827
72000000	oneMb322
72000000	oneMb458
72000000	oneMb594
72000000	oneMb72
72000000	oneMb728
72000000	oneMb844
72000000	oneMb952
73000000	oneMb1056
73000000	oneMb1147
73000000	oneMb1229
73000000	oneMb1368
73000000	oneMb1777
73000000	oneMb1976
73000000	oneMb2168
73000000	oneMb2349
73000000	oneMb2521
73000000	oneMb2681
73000000	oneMb2828
73000000	oneMb323
73000000	oneMb459
73000000	oneMb595
73000000	oneMb729
73000000	oneMb73
73000000	oneMb845
73000000	oneMb953
74000000	oneMb1057
74000000	oneMb1148
74000000	oneMb1230
74000000	oneMb1369
74000000	oneMb1778
74000000	oneMb1977
74000000	oneMb2169
74000000	oneMb2350
74000000	oneMb2522
74000000	oneMb2682
74000000	oneMb2829
74000000	oneMb324
74000000	oneMb460
74000000	oneMb596
74000000	oneMb730
74000000	oneMb74
74000000	oneMb846
74000000	oneMb954
75000000	oneMb1058
75000000	oneMb1149
75000000	oneMb1231
75000000	oneMb1370
75000000	oneMb1779
75000000	oneMb1978
75000000	oneMb2170
75000000	oneMb2351
75000000	oneMb2523
75000000	oneMb2683
75000000	oneMb2830
75000000	oneMb325
75000000	oneMb461
75000000	oneMb597
75000000	oneMb731
75000000	oneMb75
75000000	oneMb847
75000000	oneMb955
76000000	oneMb1059
76000000	oneMb1150
76000000	oneMb1232
76000000	oneMb1371
76000000	oneMb1780
76000000	oneMb1979
76000000	oneMb2171
76000000	oneMb2352
76000000	oneMb2524
76000000	oneMb2684
76000000	oneMb2831
76000000	oneMb326
76000000	oneMb462
76000000	oneMb598
76000000	oneMb732
76000000	oneMb76
76000000	oneMb848
76000000	oneMb956
77000000	oneMb1060
77000000	oneMb1151
77000000	oneMb1233
77000000	oneMb1372
77000000	oneMb1781
77000000	oneMb1980
77000000	oneMb2172
77000000	oneMb2353
77000000	oneMb2525
77000000	oneMb2685
77000000	oneMb2832
77000000	oneMb327
77000000	oneMb463
77000000	oneMb599
77000000	oneMb733
77000000	oneMb77
77000000	oneMb849
77000000	oneMb957
78000000	oneMb1061
78000000	oneMb1152
78000000	oneMb1234
78000000	oneMb1373
78000000	oneMb1782
78000000	oneMb1981
78000000	oneMb2173
78000000	oneMb2354
78000000	oneMb2526
78000000	oneMb2686
78000000	oneMb2833
78000000	oneMb328
78000000	oneMb464
78000000	oneMb600
78000000	oneMb734
78000000	oneMb78
78000000	oneMb850
78000000	oneMb958
78077248	oneMb1235
79000000	oneMb1062
79000000	oneMb1153
79000000	oneMb1374
79000000	oneMb1783
79000000	oneMb1982
79000000	oneMb2174
79000000	oneMb2355
79000000	oneMb2527
79000000	oneMb2687
79000000	oneMb2834
79000000	oneMb329
79000000	oneMb465
79000000	oneMb601
79000000	oneMb735
79000000	oneMb79
79000000	oneMb851
79000000	oneMb959
80000000	oneMb1063
80000000	oneMb1154
80000000	oneMb1375
80000000	oneMb1784
80000000	oneMb1983
80000000	oneMb2175
80000000	oneMb2356
80000000	oneMb2528
80000000	oneMb2688
80000000	oneMb2835
80000000	oneMb330
80000000	oneMb466
80000000	oneMb602
80000000	oneMb736
80000000	oneMb80
80000000	oneMb852
80000000	oneMb960
8000000	oneMb1082
8000000	oneMb1164
8000000	oneMb1243
8000000	oneMb1303
8000000	oneMb1547
8000000	oneMb1611
8000000	oneMb1660
8000000	oneMb1712
8000000	oneMb1911
8000000	oneMb2103
8000000	oneMb2284
8000000	oneMb2456
8000000	oneMb258
8000000	oneMb2616
8000000	oneMb2763
8000000	oneMb394
8000000	oneMb530
8000000	oneMb664
8000000	oneMb780
8000000	oneMb8
8000000	oneMb888
8000000	oneMb991
81000000	oneMb1064
81000000	oneMb1155
81000000	oneMb1376
81000000	oneMb1785
81000000	oneMb1984
81000000	oneMb2176
81000000	oneMb2357
81000000	oneMb2529
81000000	oneMb2689
81000000	oneMb2836
81000000	oneMb331
81000000	oneMb467
81000000	oneMb603
81000000	oneMb737
81000000	oneMb81
81000000	oneMb853
81000000	oneMb961
81195210	oneMb1156
82000000	oneMb1065
82000000	oneMb1377
82000000	oneMb1786
82000000	oneMb1985
82000000	oneMb2177
82000000	oneMb2358
82000000	oneMb2530
82000000	oneMb2690
82000000	oneMb2837
82000000	oneMb332
82000000	oneMb468
82000000	oneMb604
82000000	oneMb738
82000000	oneMb82
82000000	oneMb854
82000000	oneMb962
83000000	oneMb1066
83000000	oneMb1378
83000000	oneMb1787
83000000	oneMb1986
83000000	oneMb2178
83000000	oneMb2359
83000000	oneMb2531
83000000	oneMb2691
83000000	oneMb2838
83000000	oneMb333
83000000	oneMb469
83000000	oneMb605
83000000	oneMb739
83000000	oneMb83
83000000	oneMb855
83000000	oneMb963
84000000	oneMb1067
84000000	oneMb1379
84000000	oneMb1788
84000000	oneMb1987
84000000	oneMb2179
84000000	oneMb2360
84000000	oneMb2532
84000000	oneMb2692
84000000	oneMb2839
84000000	oneMb334
84000000	oneMb470
84000000	oneMb606
84000000	oneMb740
84000000	oneMb84
84000000	oneMb856
84000000	oneMb964
85000000	oneMb1068
85000000	oneMb1380
85000000	oneMb1789
85000000	oneMb1988
85000000	oneMb2180
85000000	oneMb2361
85000000	oneMb2533
85000000	oneMb2693
85000000	oneMb2840
85000000	oneMb335
85000000	oneMb471
85000000	oneMb607
85000000	oneMb741
85000000	oneMb85
85000000	oneMb857
85000000	oneMb965
86000000	oneMb1069
86000000	oneMb1381
86000000	oneMb1790
86000000	oneMb1989
86000000	oneMb2181
86000000	oneMb2362
86000000	oneMb2534
86000000	oneMb2694
86000000	oneMb2841
86000000	oneMb336
86000000	oneMb472
86000000	oneMb608
86000000	oneMb742
86000000	oneMb858
86000000	oneMb86
86000000	oneMb966
87000000	oneMb1070
87000000	oneMb1382
87000000	oneMb1791
87000000	oneMb1990
87000000	oneMb2182
87000000	oneMb2363
87000000	oneMb2535
87000000	oneMb2695
87000000	oneMb2842
87000000	oneMb337
87000000	oneMb473
87000000	oneMb609
87000000	oneMb743
87000000	oneMb859
87000000	oneMb87
87000000	oneMb967
88000000	oneMb1071
88000000	oneMb1383
88000000	oneMb1792
88000000	oneMb1991
88000000	oneMb2183
88000000	oneMb2364
88000000	oneMb2536
88000000	oneMb2696
88000000	oneMb2843
88000000	oneMb338
88000000	oneMb474
88000000	oneMb610
88000000	oneMb744
88000000	oneMb860
88000000	oneMb88
88000000	oneMb968
89000000	oneMb1072
89000000	oneMb1384
89000000	oneMb1793
89000000	oneMb1992
89000000	oneMb2184
89000000	oneMb2365
89000000	oneMb2537
89000000	oneMb2697
89000000	oneMb2844
89000000	oneMb339
89000000	oneMb475
89000000	oneMb611
89000000	oneMb745
89000000	oneMb861
89000000	oneMb89
89000000	oneMb969
90000000	oneMb1073
90000000	oneMb1385
90000000	oneMb1794
90000000	oneMb1993
90000000	oneMb2185
90000000	oneMb2366
90000000	oneMb2538
90000000	oneMb2698
90000000	oneMb2845
90000000	oneMb340
90000000	oneMb476
90000000	oneMb612
90000000	oneMb746
90000000	oneMb862
90000000	oneMb90
90000000	oneMb970
9000000	oneMb1083
9000000	oneMb1165
9000000	oneMb1244
9000000	oneMb1304
9000000	oneMb1548
9000000	oneMb1612
9000000	oneMb1661
9000000	oneMb1713
9000000	oneMb1912
9000000	oneMb2104
9000000	oneMb2285
9000000	oneMb2457
9000000	oneMb259
9000000	oneMb2617
9000000	oneMb2764
9000000	oneMb395
9000000	oneMb531
9000000	oneMb665
9000000	oneMb781
9000000	oneMb889
9000000	oneMb9
9000000	oneMb992
90354753	oneMb1074
91000000	oneMb1386
91000000	oneMb1795
91000000	oneMb1994
91000000	oneMb2186
91000000	oneMb2367
91000000	oneMb2539
91000000	oneMb2699
91000000	oneMb2846
91000000	oneMb341
91000000	oneMb477
91000000	oneMb613
91000000	oneMb747
91000000	oneMb863
91000000	oneMb91
91000000	oneMb971
92000000	oneMb1387
92000000	oneMb1796
92000000	oneMb1995
92000000	oneMb2187
92000000	oneMb2368
92000000	oneMb2540
92000000	oneMb2700
92000000	oneMb2847
92000000	oneMb342
92000000	oneMb478
92000000	oneMb614
92000000	oneMb748
92000000	oneMb864
92000000	oneMb92
92000000	oneMb972
93000000	oneMb1388
93000000	oneMb1797
93000000	oneMb1996
93000000	oneMb2188
93000000	oneMb2369
93000000	oneMb2541
93000000	oneMb2701
93000000	oneMb2848
93000000	oneMb343
93000000	oneMb479
93000000	oneMb615
93000000	oneMb749
93000000	oneMb865
93000000	oneMb93
93000000	oneMb973
94000000	oneMb1389
94000000	oneMb1798
94000000	oneMb1997
94000000	oneMb2189
94000000	oneMb2370
94000000	oneMb2542
94000000	oneMb2702
94000000	oneMb2849
94000000	oneMb344
94000000	oneMb480
94000000	oneMb616
94000000	oneMb750
94000000	oneMb866
94000000	oneMb94
94000000	oneMb974
95000000	oneMb1390
95000000	oneMb1799
95000000	oneMb1998
95000000	oneMb2190
95000000	oneMb2371
95000000	oneMb2543
95000000	oneMb2703
95000000	oneMb2850
95000000	oneMb345
95000000	oneMb481
95000000	oneMb617
95000000	oneMb751
95000000	oneMb867
95000000	oneMb95
95000000	oneMb975
96000000	oneMb1391
96000000	oneMb1800
96000000	oneMb1999
96000000	oneMb2191
96000000	oneMb2372
96000000	oneMb2544
96000000	oneMb2704
96000000	oneMb2851
96000000	oneMb346
96000000	oneMb482
96000000	oneMb618
96000000	oneMb752
96000000	oneMb868
96000000	oneMb96
96000000	oneMb976
97000000	oneMb1392
97000000	oneMb1801
97000000	oneMb2000
97000000	oneMb2192
97000000	oneMb2373
97000000	oneMb2545
97000000	oneMb2705
97000000	oneMb2852
97000000	oneMb347
97000000	oneMb483
97000000	oneMb619
97000000	oneMb753
97000000	oneMb869
97000000	oneMb97
97000000	oneMb977
98000000	oneMb1393
98000000	oneMb1802
98000000	oneMb2001
98000000	oneMb2193
98000000	oneMb2374
98000000	oneMb2546
98000000	oneMb2706
98000000	oneMb2853
98000000	oneMb348
98000000	oneMb484
98000000	oneMb620
98000000	oneMb754
98000000	oneMb870
98000000	oneMb978
98000000	oneMb98
99000000	oneMb1394
99000000	oneMb1803
99000000	oneMb2002
99000000	oneMb2194
99000000	oneMb2375
99000000	oneMb2547
99000000	oneMb2707
99000000	oneMb2854
99000000	oneMb349
99000000	oneMb485
99000000	oneMb621
99000000	oneMb755
99000000	oneMb871
99000000	oneMb979
99000000	oneMb99
