oneMb1	57.824663896424
oneMb10	81.1916177
oneMb100	44.208396403596
oneMb1000	64.767288811189
oneMb1001	32.456985414585
oneMb1002	64.386716383616
oneMb1003	58.161487312687
oneMb1004	62.827232267732
oneMb1005	73.308741758242
oneMb1006	71.301963536464
oneMb1007	59.946116032064
oneMb1008	60.6450173
oneMb1009	55.212334565435
oneMb101	70.8653301
oneMb1010	31.988405594406
oneMb1011	65.044962537463
oneMb1012	74.53402002002
oneMb1013	80.409738338338
oneMb1014	82.6109679
oneMb1015	65.500638461538
oneMb1016	21.528316076663
oneMb1017	20.819720374707
oneMb1018	15.335821298146
oneMb1019	19.013922463768
oneMb102	47.094123576424
oneMb103	13.507657142857
oneMb1030	74.05687309833
oneMb1031	62.304052805611
oneMb1032	67.482562237762
oneMb1033	46.461072727273
oneMb1034	78.3598202
oneMb1035	44.473305894106
oneMb1036	50.147175824176
oneMb1037	63.210725874126
oneMb1038	59.441538161838
oneMb1039	47.299447839196
oneMb104	10.630764166667
oneMb1040	64.589363136863
oneMb1041	80.459125674326
oneMb1042	70.703915884116
oneMb1043	26.82022958042
oneMb1044	9.1264272327672
oneMb1045	7.6228665034965
oneMb1046	8.5294362037962
oneMb1047	8.1201715084915
oneMb1048	10.41224015984
oneMb1049	16.694425184815
oneMb105	15.807645177665
oneMb1050	64.915001298701
oneMb1051	82.5663731
oneMb1052	78.7460826
oneMb1053	82.341320879121
oneMb1054	79.137761338661
oneMb1055	71.5191675
oneMb1056	66.688378021978
oneMb1057	45.6810001998
oneMb1058	65.895912487512
oneMb1059	72.0095161
oneMb106	9.9388795604396
oneMb1060	23.397705594406
oneMb1061	37.251266733267
oneMb1062	44.077531268731
oneMb1063	33.2062468
oneMb1064	41.870528628629
oneMb1065	74.088433
oneMb1066	43.165405494505
oneMb1067	43.962919380619
oneMb1068	70.50355984016
oneMb1069	76.4349863
oneMb107	10.280092867133
oneMb1070	44.8368741
oneMb1071	71.794842357642
oneMb1072	79.19239
oneMb1073	80.52148981019
oneMb1074	75.136497966102
oneMb1075	75.1834632
oneMb1076	81.426445354645
oneMb1077	74.199326673327
oneMb1078	72.3793778
oneMb1079	79.575616683317
oneMb108	21.329630769231
oneMb1080	60.988521
oneMb1081	68.828742557443
oneMb1082	80.1714902
oneMb1083	72.310880519481
oneMb1084	52.935910589411
oneMb1085	39.126541958042
oneMb1086	35.81132997003
oneMb1087	37.642789010989
oneMb1088	46.800609390609
oneMb1089	63.872401898102
oneMb109	41.168288188188
oneMb1090	61.1028105
oneMb1091	74.157958741259
oneMb1092	81.623361738262
oneMb1093	75.567261838162
oneMb1094	73.798561251261
oneMb1095	51.90573986014
oneMb1096	38.41585594438
oneMb1097	22.346821264368
oneMb11	79.039187112887
oneMb110	71.7510401
oneMb1100	58.331546888567
oneMb1101	70.567096803197
oneMb1102	80.784258841159
oneMb1103	77.565254345654
oneMb1104	78.274328371628
oneMb1105	74.7038371
oneMb1106	50.441867367367
oneMb1107	32.442818018018
oneMb1108	61.6004802
oneMb1109	61.621982210526
oneMb111	71.822735835836
oneMb1110	72.232700899101
oneMb1111	77.099082017982
oneMb1112	78.326948351648
oneMb1113	80.722963490471
oneMb1114	70.216906293706
oneMb1115	83.055441558442
oneMb1116	81.231818090452
oneMb1117	78.7607779
oneMb1118	78.715883116883
oneMb1119	78.856150749251
oneMb112	59.38362037962
oneMb1120	76.434276123876
oneMb1121	70.499878521479
oneMb1122	75.694707792208
oneMb1123	78.975271728272
oneMb1124	62.82826043956
oneMb1125	16.723932867133
oneMb1126	13.043485085085
oneMb1127	30.109611188811
oneMb1128	71.800368631369
oneMb1129	47.776975324675
oneMb113	65.530506693307
oneMb1130	74.1142306
oneMb1131	69.064136463536
oneMb1132	73.948045854146
oneMb1133	75.466421843687
oneMb1134	71.659051848152
oneMb1135	67.3862374
oneMb1136	62.4948264
oneMb1137	77.651822842105
oneMb1138	70.5366405
oneMb1139	74.033163336663
oneMb114	70.181275924076
oneMb1140	72.954522177822
oneMb1141	74.567866433566
oneMb1142	45.01244025974
oneMb1143	16.885763136863
oneMb1144	30.514942257742
oneMb1145	74.8450814
oneMb1146	64.5756765
oneMb1147	68.681331068931
oneMb1148	83.2893656
oneMb1149	80.803754754755
oneMb115	62.876941758242
oneMb1150	73.0002681
oneMb1151	80.488037962038
oneMb1152	71.897489473684
oneMb1153	76.741678021978
oneMb1154	81.935293894737
oneMb1155	81.044058841159
oneMb1156	67.064404678363
oneMb1157	71.649965217391
oneMb1158	38.109331968032
oneMb1159	60.2043001
oneMb116	51.222762137862
oneMb1160	76.915688811189
oneMb1161	32.296133466533
oneMb1162	39.140546653347
oneMb1163	44.999123123123
oneMb1164	52.387096803197
oneMb1165	57.396785514486
oneMb1166	73.050981018981
oneMb1167	57.437886113886
oneMb1168	62.091674825175
oneMb1169	77.433757442557
oneMb117	59.625925974026
oneMb1170	65.82058041958
oneMb1171	31.551673146293
oneMb1172	18.771504177546
oneMb1175	59.172360416667
oneMb1176	67.1937501
oneMb1177	66.869242457542
oneMb1178	64.5830861
oneMb1179	22.672541558442
oneMb118	56.8249865
oneMb1180	31.4787995005
oneMb1181	49.155495704296
oneMb1182	41.084910789211
oneMb1183	17.025499370629
oneMb1184	10.533139010989
oneMb1185	41.6259339
oneMb1186	55.8864708
oneMb1187	41.723542557443
oneMb1188	29.769951648352
oneMb1189	69.046240559441
oneMb119	47.250673826174
oneMb1190	64.598144855145
oneMb1191	48.25077952048
oneMb1192	23.278944955045
oneMb1193	32.9559991
oneMb1194	37.164962037962
oneMb1195	13.139704295704
oneMb1196	31.31384985015
oneMb1197	21.414524675325
oneMb1198	11.659913096903
oneMb1199	19.0091433
oneMb12	75.649297902098
oneMb120	50.716301798202
oneMb1200	56.8983976
oneMb1201	48.030327927928
oneMb1202	54.2184155
oneMb1203	77.739565834166
oneMb1204	63.909549050949
oneMb1205	54.7433662
oneMb1206	18.618921078921
oneMb1207	11.4906349
oneMb1208	46.36625044955
oneMb1209	33.214037411765
oneMb121	58.857093785311
oneMb1210	16.353531668332
oneMb1211	45.202658641359
oneMb1212	76.2387541
oneMb1213	69.747446853147
oneMb1214	28.538308291708
oneMb1215	12.24230528
oneMb1216	53.865034865135
oneMb1217	70.087578621379
oneMb1218	34.260141958042
oneMb1219	8.8107149250749
oneMb122	49.393529657795
oneMb1220	7.8868586513487
oneMb1221	12.637651308691
oneMb1222	11.121075864136
oneMb1223	28.6253458
oneMb1224	59.227330569431
oneMb1225	51.544203296703
oneMb1226	11.276182877123
oneMb1227	12.656333126873
oneMb1228	49.207278221778
oneMb1229	61.197869831224
oneMb1230	35.803832467532
oneMb1231	56.342305494505
oneMb1232	26.971397995781
oneMb1233	34.919543556444
oneMb1234	64.4634569
oneMb1235	62.429511764706
oneMb1236	76.336629700855
oneMb1237	83.1057398
oneMb1238	82.8180835
oneMb1239	81.414521778222
oneMb1240	82.647872472472
oneMb1241	78.452152147852
oneMb1242	72.408873446894
oneMb1243	73.400574105263
oneMb1244	76.522746947368
oneMb1245	56.3747791
oneMb1246	82.054706006006
oneMb1247	81.590765534466
oneMb1248	79.246478421578
oneMb1249	75.690377122877
oneMb1250	77.13356023976
oneMb1251	69.412083416583
oneMb1252	76.753666433566
oneMb1253	78.269443356643
oneMb1254	81.946354745255
oneMb1255	76.624544
oneMb1256	40.658226421053
oneMb1257	48.817717333333
oneMb1258	25.837612062726
oneMb1259	33.89267509113
oneMb1260	31.049848196721
oneMb1264	23.708360922659
oneMb1265	27.747068431568
oneMb1266	47.379817582418
oneMb1267	22.799797302697
oneMb1268	41.697121378621
oneMb1269	76.424828971029
oneMb1270	70.396372327672
oneMb1271	75.6148524
oneMb1272	74.030929380902
oneMb1273	46.295037669095
oneMb1274	65.331223076923
oneMb1275	79.4171145
oneMb1276	76.967966033966
oneMb1277	75.716406093906
oneMb1278	75.241165430862
oneMb1279	65.133054809619
oneMb1280	70.211582995951
oneMb1281	82.995021721722
oneMb1282	75.625985385385
oneMb1283	81.118846453546
oneMb1284	77.4880822
oneMb1285	81.38362997003
oneMb1286	78.399365034965
oneMb1287	60.943861938062
oneMb1288	55.423522745491
oneMb1289	53.915171628372
oneMb1290	69.0816661
oneMb1291	67.691471528472
oneMb1292	71.447796103896
oneMb1293	70.6811002997
oneMb1294	73.3427016
oneMb1295	81.425044230769
oneMb1296	38.948988706366
oneMb1297	20.934314385614
oneMb1298	29.692522577423
oneMb1299	69.237910421053
oneMb13	76.126808491508
oneMb1300	25.545688111888
oneMb1301	10.028007171492
oneMb1302	21.095808531469
oneMb1303	39.288962037962
oneMb1304	68.111519380619
oneMb1305	71.7605729
oneMb1306	76.144934865135
oneMb1307	77.623143256743
oneMb1308	36.644394005994
oneMb1309	24.129027572428
oneMb1310	22.097905494505
oneMb1311	51.975775924076
oneMb1312	35.378434035827
oneMb1313	46.719726673327
oneMb1314	37.577106493506
oneMb1315	46.187127172827
oneMb1316	79.321682217782
oneMb1317	69.139491067762
oneMb1318	20.322067632368
oneMb1319	40.845842957043
oneMb1320	69.395175575576
oneMb1321	67.749363836164
oneMb1322	73.349226673327
oneMb1323	80.392533366633
oneMb1324	70.119039060939
oneMb1325	48.044803396603
oneMb1326	38.615684015984
oneMb1327	40.560137462537
oneMb1328	73.12969227683
oneMb1329	38.798341041041
oneMb1330	11.766836603397
oneMb1331	12.658917702298
oneMb1332	49.0306009
oneMb1333	62.0816507
oneMb1334	67.556287812188
oneMb1335	78.056680780781
oneMb1336	36.364354445554
oneMb1337	37.187703296703
oneMb1338	81.216788411588
oneMb1339	81.32502977023
oneMb1340	63.839822877123
oneMb1341	57.290479220779
oneMb1342	73.348521078921
oneMb1343	75.664641358641
oneMb1344	54.827219280719
oneMb1345	16.09000091
oneMb1346	8.5440077077077
oneMb1347	7.8359591208791
oneMb1348	9.7733630769231
oneMb1349	41.965618981019
oneMb1350	77.6636403
oneMb1351	71.213608391608
oneMb1352	23.674269270729
oneMb1353	11.322109480519
oneMb1354	26.108152047952
oneMb1355	11.06730573
oneMb1356	34.539715684316
oneMb1357	70.693134168337
oneMb1358	77.087640659341
oneMb1359	68.668542342342
oneMb1360	68.348772227772
oneMb1361	72.124358758759
oneMb1362	32.803862437562
oneMb1363	22.6597241
oneMb1364	47.744392407592
oneMb1365	76.714713386613
oneMb1366	76.5016608
oneMb1367	58.397554445554
oneMb1368	53.864919480519
oneMb1369	70.985595704296
oneMb1370	76.87253026973
oneMb1371	73.626524875125
oneMb1372	37.87538011988
oneMb1373	28.141325174825
oneMb1374	41.788591
oneMb1375	21.44477002997
oneMb1376	12.134863056943
oneMb1377	8.05034253
oneMb1378	8.711789020979
oneMb1379	13.62076166
oneMb1380	41.544841458541
oneMb1381	76.403281518482
oneMb1382	68.65341018981
oneMb1383	60.885030411827
oneMb1384	58.708735035035
oneMb1385	38.057719893191
oneMb1386	25.767076566757
oneMb1387	32.238420263158
oneMb1388	33.108821804511
oneMb1391	46.397183506686
oneMb1392	57.602086513487
oneMb1393	67.955427772228
oneMb1394	59.143162162162
oneMb1395	66.144896996997
oneMb1396	46.175316283716
oneMb1397	72.315772427572
oneMb1398	78.117797902098
oneMb1399	38.113043556444
oneMb14	37.07694773183
oneMb1400	9.9098203596404
oneMb1401	31.9063436
oneMb1402	50.872491091091
oneMb1403	21.987475324675
oneMb1404	32.612675524476
oneMb1405	62.6225328
oneMb1406	56.953561002331
oneMb1407	56.55394965035
oneMb1408	78.0035509
oneMb1409	69.098902897103
oneMb1410	57.250528084253
oneMb1411	20.908143587174
oneMb1412	10.820476033966
oneMb1413	10.629663798995
oneMb1414	42.843834765235
oneMb1415	40.77612027972
oneMb1416	66.53161998002
oneMb1417	61.664836910732
oneMb1418	63.11316013986
oneMb1419	18.418628581419
oneMb1420	9.5196355944056
oneMb1421	10.754745085085
oneMb1422	10.230088451548
oneMb1423	46.525724224224
oneMb1424	78.277062362362
oneMb1425	43.8565114
oneMb1426	40.174788088088
oneMb1427	54.425375324675
oneMb1428	42.98515
oneMb1429	15.677504800817
oneMb143	28.502280926431
oneMb1430	32.591632167832
oneMb1431	55.095812387612
oneMb1432	58.734387812188
oneMb1433	27.691655844156
oneMb1434	61.126009190809
oneMb1435	51.184489310689
oneMb1436	11.08285025974
oneMb1437	8.3770362537463
oneMb1438	10.746664975025
oneMb1439	42.5286979
oneMb144	35.212812520325
oneMb1440	19.6646517
oneMb1441	17.0353997003
oneMb1442	38.1176799
oneMb1443	17.190781118881
oneMb1444	32.3579254
oneMb1445	42.443907572383
oneMb1446	23.999527572428
oneMb1447	20.054364735265
oneMb1448	62.806836963037
oneMb1449	52.760828128128
oneMb145	48.00948045977
oneMb1450	18.298678321678
oneMb1451	24.063685914086
oneMb1452	15.683112124248
oneMb1453	17.749743456543
oneMb1454	35.131958241758
oneMb1455	52.744850250752
oneMb1456	57.219412287712
oneMb1457	46.419000900901
oneMb1458	48.457211947791
oneMb1459	33.735241158841
oneMb146	69.936086483633
oneMb1460	28.519220579421
oneMb1461	64.977240559441
oneMb1462	59.020477622378
oneMb1463	49.763603003003
oneMb1464	44.514857042957
oneMb1465	58.9090339
oneMb1466	70.7530886
oneMb1467	64.7898707
oneMb1468	73.900773726274
oneMb1469	63.841425074925
oneMb147	64.319253340757
oneMb1470	58.989745454545
oneMb1471	55.592901498501
oneMb1472	46.2742117
oneMb1473	56.0831377
oneMb1474	68.285118881119
oneMb1475	50.841338261738
oneMb1476	59.527336463536
oneMb1477	25.7533525
oneMb1478	29.975494705295
oneMb1479	50.446745354645
oneMb148	58.6328807
oneMb1480	32.2324587
oneMb1481	12.189854245754
oneMb1482	36.659415684316
oneMb1483	63.939254745255
oneMb1484	49.179048751249
oneMb1485	29.599521778222
oneMb1486	66.264819419419
oneMb1487	62.4848935
oneMb1488	50.233092607393
oneMb1489	18.49177651
oneMb149	48.803070166667
oneMb1490	12.814748601399
oneMb1491	8.073763976024
oneMb1492	21.550223296703
oneMb1493	44.426274625375
oneMb1494	59.323887212787
oneMb1495	18.222255844156
oneMb1496	40.963192207792
oneMb1497	75.857715815816
oneMb1498	68.251051048951
oneMb1499	74.494914271357
oneMb15	35.1718915
oneMb150	45.783787991498
oneMb1500	68.467346753247
oneMb1501	29.727826873127
oneMb1502	52.536963036963
oneMb1503	50.859695404595
oneMb1504	73.369910689311
oneMb1505	45.7425466
oneMb1506	27.91967
oneMb1507	40.852516983017
oneMb1508	13.18151219
oneMb1509	17.640941558442
oneMb151	80.3883783
oneMb1510	21.210047652348
oneMb1511	36.314652847153
oneMb1512	79.476779120879
oneMb1513	59.595403196803
oneMb1514	54.616324575425
oneMb1515	81.417735264735
oneMb1516	66.408332967033
oneMb1517	16.724351108891
oneMb1518	15.623685484515
oneMb1519	60.3837172
oneMb152	77.83109000999
oneMb1520	54.967008291708
oneMb1521	37.2123964
oneMb1522	31.107893106893
oneMb1523	59.880997902098
oneMb1524	63.720126573427
oneMb1525	19.159452147852
oneMb1526	38.193249498998
oneMb1527	59.962842757243
oneMb1528	71.949431931932
oneMb1529	69.976548751249
oneMb153	42.566715084915
oneMb1530	67.827012750263
oneMb1531	68.009128371628
oneMb1532	55.460115984016
oneMb1533	46.057052
oneMb1534	63.1938243
oneMb1535	66.735314654283
oneMb1536	51.21092574359
oneMb1537	64.6706827
oneMb1538	78.384974025974
oneMb1539	69.394551639344
oneMb154	69.22105994006
oneMb1540	72.358147923323
oneMb1541	54.947171728272
oneMb1542	63.476311588412
oneMb1543	79.606716683317
oneMb1544	67.331763036963
oneMb1545	72.996934665335
oneMb1546	45.6191195
oneMb1547	36.431148251748
oneMb1548	48.94755014985
oneMb1549	38.151005105105
oneMb155	76.527952047952
oneMb1550	64.601215384615
oneMb1551	28.898451248751
oneMb1552	46.589002097902
oneMb1553	67.005551548452
oneMb1554	27.596673426573
oneMb1555	23.652774
oneMb1556	36.691496803197
oneMb1557	61.9137679
oneMb1558	61.030891608392
oneMb1559	50.745265934066
oneMb156	82.0395179
oneMb1560	59.882888311688
oneMb1561	54.563486113886
oneMb1562	63.0456928
oneMb1563	54.973369230769
oneMb1564	42.020468131868
oneMb1565	71.297216040609
oneMb1566	43.55700233463
oneMb1569	40.514636411609
oneMb157	81.024195495495
oneMb1570	79.8806787
oneMb1571	76.6901563
oneMb1572	80.346225374625
oneMb1573	81.3300326
oneMb1574	77.825932315789
oneMb1575	80.909716483516
oneMb1576	73.904308791209
oneMb1577	62.334473026973
oneMb1578	24.630993606394
oneMb1579	59.068133966034
oneMb158	42.2961795
oneMb1580	50.879313486513
oneMb1581	37.810917282717
oneMb1582	73.232306893107
oneMb1583	72.365907892108
oneMb1584	74.683963836164
oneMb1585	76.6701658
oneMb1586	66.263453146853
oneMb1587	68.039524375624
oneMb1588	79.7685679
oneMb1589	70.610986913087
oneMb159	16.444273726274
oneMb1590	57.660365834166
oneMb1591	38.429549350649
oneMb1592	77.0188188
oneMb1593	37.903722677323
oneMb1594	31.396286613387
oneMb1595	45.618356369107
oneMb1596	48.937957242757
oneMb1597	56.596704195804
oneMb1598	29.41423956044
oneMb1599	21.021852947053
oneMb16	70.184015084915
oneMb160	43.906445654346
oneMb1600	64.6140527
oneMb1601	73.417355122494
oneMb1602	76.945186396677
oneMb161	68.921716883117
oneMb1613	27.4643922049
oneMb1614	20.555894283247
oneMb1615	22.469733333333
oneMb1618	25.240190286624
oneMb1619	34.020315646941
oneMb162	72.639397802198
oneMb1620	69.069705394605
oneMb1621	36.081634765235
oneMb1622	57.8980911
oneMb1623	39.8331597
oneMb1624	10.196097862138
oneMb1625	9.9248693306693
oneMb1626	9.8295450749251
oneMb1627	9.85211000999
oneMb1628	9.3362067832168
oneMb1629	10.495627882118
oneMb163	67.672172827173
oneMb1630	19.4641194
oneMb1631	31.199643343343
oneMb1632	14.312703996004
oneMb1633	23.543940859141
oneMb1634	59.028955744256
oneMb1635	22.25540990991
oneMb1636	26.45120999001
oneMb1637	58.928708908909
oneMb1638	71.916672472472
oneMb1639	62.9140267
oneMb164	27.101511888112
oneMb1640	55.460644655345
oneMb1641	66.030158341658
oneMb1642	68.50444
oneMb1643	44.817513586414
oneMb1644	70.78597032967
oneMb1645	30.966460939061
oneMb1646	46.183687656904
oneMb1647	63.381000201207
oneMb1648	80.591060631579
oneMb1649	78.605128056112
oneMb165	14.699519380619
oneMb1650	79.2519703
oneMb1651	69.2328623
oneMb1652	75.601393333333
oneMb166	51.347293606394
oneMb1669	29.855054300385
oneMb167	36.8023338
oneMb1670	42.0086917
oneMb1671	74.063346215943
oneMb1672	77.88402007992
oneMb1673	72.561615222222
oneMb1674	77.253661561562
oneMb1675	69.032014429869
oneMb1676	70.7139668
oneMb1677	83.186691608392
oneMb1678	75.070600899101
oneMb1679	58.844427772228
oneMb168	60.458253746254
oneMb1680	45.4774142
oneMb1681	65.406145954046
oneMb1682	82.233710689311
oneMb1683	78.216168231768
oneMb1684	77.422513886114
oneMb1685	73.651076723277
oneMb1686	70.4388962
oneMb1687	46.762375424575
oneMb1688	63.136287512488
oneMb1689	78.1066709
oneMb169	62.4987098
oneMb1690	75.573965034965
oneMb1691	82.117216183816
oneMb1692	75.670460639361
oneMb1693	69.755957642358
oneMb1694	81.9765273
oneMb1695	78.314013486513
oneMb1696	74.163066433566
oneMb1697	52.13844035964
oneMb1698	70.147271028971
oneMb1699	78.937700899101
oneMb17	82.085563326653
oneMb170	63.3178875
oneMb1700	63.454963836164
oneMb1701	32.99348961039
oneMb1702	46.125301204819
oneMb1703	79.213286315789
oneMb1704	78.606322040816
oneMb1705	14.450615765957
oneMb1706	9.0296331868132
oneMb1707	13.860570589411
oneMb1708	30.427528171828
oneMb1709	64.8356653
oneMb171	29.286685314685
oneMb1710	41.7021523
oneMb1711	12.834766633367
oneMb1712	15.589793136863
oneMb1713	58.088435764236
oneMb1714	71.303565865866
oneMb1715	72.72904975025
oneMb1716	61.951866133866
oneMb1717	71.431927072927
oneMb1718	74.563317782218
oneMb1719	62.615675524476
oneMb172	42.323727672328
oneMb1720	69.124194594595
oneMb1721	47.445834265734
oneMb1722	42.629676823177
oneMb1723	21.4993094
oneMb1724	23.142179420579
oneMb1725	28.258118081918
oneMb1726	9.7127968131868
oneMb1727	11.78939246
oneMb1728	39.8246921
oneMb1729	60.8482813
oneMb173	50.98247992008
oneMb1730	39.7166172
oneMb1731	26.567931368631
oneMb1732	51.6975024
oneMb1733	27.765933166833
oneMb1734	29.413060939061
oneMb1735	72.943814185814
oneMb1736	66.648666533467
oneMb1737	78.529414185814
oneMb1738	74.655124575425
oneMb1739	29.037179220779
oneMb174	60.5154633
oneMb1740	10.356774735265
oneMb1741	35.077074525475
oneMb1742	71.912779420579
oneMb1743	65.111695204795
oneMb1744	52.93246043956
oneMb1745	56.838995
oneMb1746	60.707951048951
oneMb1747	73.308190509491
oneMb1748	59.602096303696
oneMb1749	66.091507492507
oneMb175	58.542938161838
oneMb1750	66.1646694
oneMb1751	60.680770829171
oneMb1752	80.390275924076
oneMb1753	82.50770959041
oneMb1754	82.623212625251
oneMb1755	77.997804895105
oneMb1756	68.963328971029
oneMb1757	83.65201998002
oneMb1758	73.317925874126
oneMb1759	30.314830869131
oneMb176	42.346860639361
oneMb1760	20.165346653347
oneMb1761	62.242090509491
oneMb1762	76.2349892
oneMb1763	74.249074925075
oneMb1764	31.810983716284
oneMb1765	25.341377422577
oneMb1766	57.478766533467
oneMb1767	35.405111688312
oneMb1768	29.926512187812
oneMb1769	37.475557442557
oneMb177	33.981664535465
oneMb1770	48.758284515485
oneMb1771	59.240999111111
oneMb1772	48.4424424
oneMb1773	35.492561338661
oneMb1774	37.374716683317
oneMb1775	34.972533866134
oneMb1776	55.893153846154
oneMb1777	58.077668331668
oneMb1778	46.750670870871
oneMb1779	11.348374175824
oneMb178	49.14192977023
oneMb1780	26.273704124748
oneMb1781	11.156391248751
oneMb1782	14.610805394605
oneMb1783	43.019733066933
oneMb1784	39.3846307
oneMb1785	18.33083815261
oneMb1786	44.892840529532
oneMb1787	35.671558841159
oneMb1788	12.328297532468
oneMb1789	9.37232505
oneMb179	72.623054045954
oneMb1790	11.533196973027
oneMb1791	11.339081908092
oneMb1792	28.480673526474
oneMb1793	22.955135264735
oneMb1794	10.190794945055
oneMb1795	10.062583141026
oneMb1798	46.282500623701
oneMb1799	17.963407102897
oneMb18	73.143265400844
oneMb180	65.954852947053
oneMb1800	8.258324035964
oneMb1801	11.741298303213
oneMb1802	43.184906693307
oneMb1803	55.373106693307
oneMb1804	60.0095034
oneMb1805	56.338282917083
oneMb1806	56.449223576424
oneMb1807	14.279072947053
oneMb1808	13.145914585415
oneMb1809	20.621266533467
oneMb181	69.44377952048
oneMb1810	34.848661238761
oneMb1811	19.980786313686
oneMb1812	45.084783716284
oneMb1813	31.8124109
oneMb1814	14.577578521479
oneMb1815	30.953703696304
oneMb1816	52.467856843157
oneMb1817	39.3585021
oneMb1818	63.906367332667
oneMb1819	54.501276723277
oneMb182	48.620975124875
oneMb1820	44.664284315684
oneMb1821	14.516013896104
oneMb1822	10.79511928
oneMb1823	28.979624475524
oneMb1824	58.81272992993
oneMb1825	53.610704895105
oneMb1826	57.4122259
oneMb1827	70.9160729
oneMb1828	68.324584915085
oneMb1829	75.590924275724
oneMb183	57.1853106
oneMb1830	71.173153556911
oneMb1831	65.671243456543
oneMb1832	65.009235364635
oneMb1833	76.441002297702
oneMb1834	75.381928271728
oneMb1835	41.636042357642
oneMb1836	37.8126968
oneMb1837	54.992905394605
oneMb1838	76.921812087912
oneMb1839	52.0852322
oneMb184	62.918561738262
oneMb1840	48.837666433566
oneMb1841	63.7004157
oneMb1842	52.394864035964
oneMb1843	75.203385585586
oneMb1844	42.737721078921
oneMb1845	50.390255144855
oneMb1846	70.741137274549
oneMb1847	69.9867805
oneMb1848	29.073522177822
oneMb1849	11.924660849151
oneMb185	42.047411888112
oneMb1850	32.540330669331
oneMb1851	28.02394045954
oneMb1852	17.400798501499
oneMb1853	59.978219119119
oneMb1854	71.144140959041
oneMb1855	63.584363036963
oneMb1856	54.5518552
oneMb1857	41.863253946054
oneMb1858	30.334143456543
oneMb1859	29.259892007992
oneMb186	39.044542757243
oneMb1860	63.3240193
oneMb1861	57.842542557443
oneMb1862	44.711920879121
oneMb1863	43.0185392
oneMb1864	38.527536463536
oneMb1865	46.95066012024
oneMb1866	22.249039460539
oneMb1867	7.8950146553447
oneMb1868	8.10554515
oneMb1869	10.295618161838
oneMb187	23.97811038961
oneMb1870	16.620310789211
oneMb1871	16.27514035964
oneMb1872	38.500607092907
oneMb1873	24.905824175824
oneMb1874	54.232578521479
oneMb1875	75.718980519481
oneMb1876	79.417990509491
oneMb1877	67.9082826
oneMb1878	16.75156296
oneMb1879	7.9236536763237
oneMb188	9.0997784315684
oneMb1880	8.1114181418581
oneMb1881	34.861015484515
oneMb1882	41.418089210789
oneMb1883	39.218741258741
oneMb1884	59.089324348697
oneMb1885	30.773591808192
oneMb1886	21.938047452547
oneMb1887	51.720694405594
oneMb1888	67.966819380619
oneMb1889	68.613532367632
oneMb189	8.3171994305694
oneMb1890	78.165066333666
oneMb1891	74.1188168
oneMb1892	69.8003296
oneMb1893	68.362302497502
oneMb1894	41.788223276723
oneMb1895	46.936357542458
oneMb1896	30.847780819181
oneMb1897	32.050445054945
oneMb1898	60.478512487512
oneMb1899	71.03534361809
oneMb19	53.56034025974
oneMb190	9.1568085814186
oneMb1900	73.6714546
oneMb1901	79.2439157
oneMb1902	75.871782668067
oneMb1904	64.375955909558
oneMb1905	76.118045444915
oneMb1906	78.085206793207
oneMb1907	72.994845254745
oneMb1908	67.378592907093
oneMb1909	48.514693206793
oneMb191	7.9005682817183
oneMb1910	73.237774525475
oneMb1911	70.26801001001
oneMb1912	57.535394795918
oneMb1913	54.608776631579
oneMb1914	52.2524079
oneMb1915	14.447376523477
oneMb1916	30.841722177009
oneMb1917	41.368554945055
oneMb1918	21.366171628372
oneMb1919	48.779804895105
oneMb192	7.9715817782218
oneMb1920	47.6084712
oneMb1921	59.8833292
oneMb1922	30.610732467532
oneMb1923	11.146696063936
oneMb1924	13.310316153846
oneMb1925	17.66540990991
oneMb1926	34.253992407592
oneMb1927	28.587063436563
oneMb1928	46.012291908092
oneMb1929	57.948124975025
oneMb193	36.010293406593
oneMb1930	47.9397778
oneMb1931	18.18284846
oneMb1932	8.1250086913087
oneMb1933	6.9628112587413
oneMb1934	8.0883973226773
oneMb1935	7.8954764126016
oneMb1936	8.9591350151057
oneMb1937	8.6941527872128
oneMb1938	8.3377434565435
oneMb1939	8.8229335564436
oneMb194	37.914911288711
oneMb1940	13.513637512488
oneMb1941	52.120972427572
oneMb1942	72.311817482517
oneMb1943	80.771469130869
oneMb1944	61.915692985972
oneMb1945	47.659320779221
oneMb1946	30.6699698
oneMb1947	13.638727102897
oneMb1948	14.458474785215
oneMb1949	8.1953974825175
oneMb195	9.8849547152847
oneMb1950	10.108942077922
oneMb1951	33.1875271
oneMb1952	55.138492107892
oneMb1953	44.656377647059
oneMb1956	52.212980707395
oneMb1957	46.266417182817
oneMb1958	52.7482437
oneMb1959	34.757649350649
oneMb196	8.8152216783217
oneMb1960	60.808672872873
oneMb1961	60.619869130869
oneMb1962	28.80169283
oneMb1963	8.52434085353
oneMb1964	7.62945003996
oneMb1965	7.3910239260739
oneMb1966	8.4501263536464
oneMb1967	8.0751228171828
oneMb1968	8.0301502639594
oneMb1969	9.45391711
oneMb197	31.066055944056
oneMb1970	17.741869090909
oneMb1971	19.398297202797
oneMb1972	45.42190220662
oneMb1973	73.0499799
oneMb1974	69.0394215
oneMb1975	61.6473235
oneMb1976	27.186801598402
oneMb1977	43.360097002997
oneMb1978	71.15275984016
oneMb1979	50.681494871795
oneMb198	45.852315684316
oneMb1980	58.993091391391
oneMb1981	58.3003275
oneMb1982	63.302133032129
oneMb1983	67.322013886114
oneMb1984	26.5262548
oneMb1985	19.558767032967
oneMb1986	30.25401048951
oneMb1987	67.669927172827
oneMb1988	59.326995804196
oneMb1989	44.913724575425
oneMb199	27.443035564436
oneMb1990	25.2467131
oneMb1991	41.266638561439
oneMb1992	73.883746553447
oneMb1993	58.146002897103
oneMb1994	31.902187012987
oneMb1995	10.92596998002
oneMb1996	7.2033093806194
oneMb1997	8.4254925325325
oneMb1998	26.425820579421
oneMb1999	61.94450999001
oneMb2	83.2998944
oneMb20	78.0235542
oneMb200	29.449892407592
oneMb2000	16.170036573427
oneMb2001	7.8580504795205
oneMb2002	14.878319370629
oneMb2003	52.369617582418
oneMb2004	57.711098301698
oneMb2005	28.990452047952
oneMb2006	41.608885514486
oneMb2007	65.117544655345
oneMb2008	40.3417938
oneMb2009	23.132265634366
oneMb201	70.4601623
oneMb2010	57.979336863137
oneMb2011	47.559717917918
oneMb2012	36.802779120879
oneMb2013	42.841511588412
oneMb2014	54.7493003996
oneMb2015	33.176908591409
oneMb2016	28.9209849
oneMb2017	53.975696903097
oneMb2018	55.807087012987
oneMb2019	17.315817392607
oneMb202	68.967356870612
oneMb2020	8.2518901698302
oneMb2021	8.32388705
oneMb2022	10.722194055944
oneMb2023	45.83317002997
oneMb2024	47.5346105
oneMb2025	17.0179998002
oneMb2026	42.220726973027
oneMb2027	48.402257042957
oneMb2028	74.2069276
oneMb2029	30.032823576424
oneMb203	70.448526373626
oneMb2030	13.651079480519
oneMb2031	11.721673916084
oneMb2032	55.292767732268
oneMb2033	56.520626773227
oneMb2034	23.302867532468
oneMb2035	8.1226265534466
oneMb2036	8.779708991009
oneMb2037	7.7118821378621
oneMb2038	7.6854780680681
oneMb2039	7.2391053046953
oneMb204	63.16151048951
oneMb2040	7.67490266
oneMb2041	7.2726106993007
oneMb2042	14.440361528472
oneMb2043	42.437054845155
oneMb2044	62.943823676324
oneMb2045	50.362082417582
oneMb2046	17.96003698
oneMb2047	20.300166263736
oneMb2048	44.79811988012
oneMb2049	27.434144255744
oneMb205	73.726103196803
oneMb2050	47.787780919081
oneMb2051	33.72838011988
oneMb2052	28.161482817183
oneMb2053	14.129702797203
oneMb2054	24.308631831832
oneMb2055	58.801706993007
oneMb2056	60.964033266733
oneMb2057	52.391666133866
oneMb2058	53.8940844
oneMb2059	55.1168698
oneMb206	75.043543011918
oneMb2060	20.16524284264
oneMb2061	27.207192607393
oneMb2062	46.627005394605
oneMb2063	63.919121078921
oneMb2064	40.515829070929
oneMb2065	8.9497801498501
oneMb2066	7.77928582
oneMb2067	13.76597009009
oneMb2068	25.466009090909
oneMb2069	33.729987312687
oneMb207	67.182253737113
oneMb2070	60.361662437562
oneMb2071	13.920627877878
oneMb2072	9.6537675824176
oneMb2073	44.942462037962
oneMb2074	59.6685242
oneMb2075	17.239368561439
oneMb2076	7.3581426873127
oneMb2077	13.334002147852
oneMb2078	32.163358841159
oneMb2079	18.078305394605
oneMb208	56.76217002997
oneMb2080	8.9945406093906
oneMb2081	15.735734665335
oneMb2082	22.812034275724
oneMb2083	7.6647753446553
oneMb2084	8.0807498301698
oneMb2085	7.7833567632368
oneMb2086	12.534386153846
oneMb2087	46.768262937063
oneMb2088	63.822458141858
oneMb2089	74.3271082
oneMb209	48.946533866134
oneMb2090	66.3810257
oneMb2091	56.969084015984
oneMb2092	24.589641158841
oneMb2093	18.141026773227
oneMb2094	23.775454285714
oneMb2095	32.314196153846
oneMb2096	63.063963422131
oneMb2097	71.388197
oneMb2098	25.888233166833
oneMb2099	10.734984182548
oneMb21	69.129781018981
oneMb210	24.1095178
oneMb2100	14.088014345654
oneMb2101	34.376447952048
oneMb2102	43.837943256743
oneMb2103	27.576233766234
oneMb2104	15.493951648352
oneMb2105	26.922481518482
oneMb2106	59.771411623246
oneMb2107	23.011315284715
oneMb2108	10.04193609
oneMb2109	28.467177602398
oneMb211	34.9163846
oneMb2110	61.180824075924
oneMb2111	32.472439160839
oneMb2112	43.108676723277
oneMb2113	22.714821943231
oneMb2114	8.2599299400599
oneMb2115	8.3065742357642
oneMb2116	9.2024533866134
oneMb2117	17.719699142857
oneMb2118	8.9289100999001
oneMb2119	8.560655606524
oneMb212	63.306424124124
oneMb2120	7.9157356543457
oneMb2121	9.113228991009
oneMb2122	9.2047905394605
oneMb2123	19.106785714286
oneMb2124	8.9607527372627
oneMb2125	13.465447712288
oneMb2126	19.780307892108
oneMb2127	48.585348251748
oneMb2128	76.189583316683
oneMb2129	47.683547852148
oneMb213	74.429543856144
oneMb2130	62.287164073695
oneMb2131	48.638144555445
oneMb2132	51.006909490509
oneMb2133	67.811828571429
oneMb2134	54.989127472527
oneMb2135	40.806766433566
oneMb2136	42.140085814186
oneMb2137	33.4260386
oneMb2138	54.485683616384
oneMb2139	68.164558041958
oneMb214	70.129844255744
oneMb2140	25.929519280719
oneMb2141	13.208817309813
oneMb2145	14.116913544018
oneMb2146	11.074323806194
oneMb2147	29.9965117
oneMb2148	64.9132334
oneMb2149	40.020715884116
oneMb215	70.913214685315
oneMb2150	61.717620779221
oneMb2151	78.934677722278
oneMb2152	57.004621478521
oneMb2153	25.585577822178
oneMb2154	39.7347072
oneMb2155	59.166067732268
oneMb2156	49.509648251748
oneMb2157	49.502206693307
oneMb2158	28.390600600601
oneMb2159	25.902443156843
oneMb216	39.737982017982
oneMb2160	59.349995604396
oneMb2161	61.9438229
oneMb2162	45.536066433566
oneMb2163	42.938944855145
oneMb2164	70.429854345654
oneMb2165	51.600356954046
oneMb2166	66.27383036963
oneMb2167	56.422211122244
oneMb2168	70.434693506494
oneMb2169	71.999090509491
oneMb217	16.294046353646
oneMb2170	73.721578421578
oneMb2171	60.572372427572
oneMb2172	57.745200599401
oneMb2173	64.631165834166
oneMb2174	76.418182517483
oneMb2175	72.673697893681
oneMb2176	68.367763336663
oneMb2177	46.472425374625
oneMb2178	39.417565234765
oneMb2179	14.798149290709
oneMb218	22.021996203796
oneMb2180	7.8374078621379
oneMb2181	10.878303356643
oneMb2182	30.884474825175
oneMb2183	27.343599200799
oneMb2184	11.30554066
oneMb2185	35.51775954046
oneMb2186	60.783980519481
oneMb2187	31.640207684211
oneMb2188	59.152503596404
oneMb2189	38.161242871486
oneMb219	36.033659040959
oneMb2190	46.440969330669
oneMb2191	79.257936063936
oneMb2192	51.3592804
oneMb2193	21.606692
oneMb2194	39.205041358641
oneMb2195	14.926027144299
oneMb2196	11.70939801
oneMb2197	27.934458041958
oneMb2198	42.187369230769
oneMb2199	20.1478216
oneMb22	76.9034238
oneMb220	42.540915384615
oneMb2200	14.976527572428
oneMb2201	10.19017255
oneMb2202	13.49822956044
oneMb2203	34.35503046953
oneMb2204	48.504171428571
oneMb2205	53.297454645355
oneMb2206	29.839665034965
oneMb2207	38.973275024975
oneMb2208	61.797957442557
oneMb2209	21.100567132867
oneMb221	60.2264197
oneMb2210	39.199905094905
oneMb2211	48.026190809191
oneMb2212	35.093952647353
oneMb2213	19.83559040959
oneMb2214	61.802645954046
oneMb2215	23.785022477522
oneMb2216	10.446017872128
oneMb2217	29.741676823177
oneMb2218	47.8648779
oneMb2219	37.291934834835
oneMb222	32.377316383616
oneMb2220	31.527470729271
oneMb2221	49.796315284715
oneMb2222	53.527402197802
oneMb2223	27.455851748252
oneMb2224	16.957484315684
oneMb2225	18.111386713287
oneMb2226	54.483756743257
oneMb2227	72.543391608392
oneMb2228	74.522318481518
oneMb2229	78.832801598402
oneMb223	42.8385688
oneMb2230	77.003475678392
oneMb2231	70.423002397602
oneMb2232	35.754949250749
oneMb2233	70.705604595405
oneMb2234	76.925089473684
oneMb2235	79.411863036963
oneMb2236	59.566487812188
oneMb2237	69.748776623377
oneMb2238	76.0326431
oneMb2239	46.732810589411
oneMb224	53.233208227848
oneMb2240	27.358986813187
oneMb2241	66.7236188
oneMb2242	39.496032667333
oneMb2243	30.445758041958
oneMb2244	64.534570729271
oneMb2245	73.456247252747
oneMb2246	73.0500886
oneMb2247	46.035847452547
oneMb2248	16.722931268731
oneMb2249	58.304743556444
oneMb225	67.117209145729
oneMb2250	63.9317138
oneMb2251	23.812425578947
oneMb2252	55.837631
oneMb2253	41.3035474
oneMb2254	34.408825374625
oneMb2255	44.677211388611
oneMb2256	22.261400400802
oneMb2257	10.292541158841
oneMb2258	27.830263436563
oneMb2259	21.689401588412
oneMb226	69.687928771229
oneMb2260	7.8387692807193
oneMb2261	7.40655084
oneMb2262	11.690117892108
oneMb2263	56.306162537463
oneMb2264	50.08351958042
oneMb2265	23.5502721
oneMb2266	34.717901798202
oneMb2267	68.157892907093
oneMb2268	73.890783116883
oneMb2269	65.081361738262
oneMb227	71.685147052947
oneMb2270	43.0551677
oneMb2271	73.494564235764
oneMb2272	78.657595004995
oneMb2273	60.182864535465
oneMb2274	55.799476823177
oneMb2275	68.6637925
oneMb2276	61.611429741863
oneMb2277	55.538847974414
oneMb2278	69.614640659341
oneMb2279	61.134880719281
oneMb228	58.5438962
oneMb2280	74.413460739261
oneMb2281	63.2095618
oneMb2282	56.6295333
oneMb2283	44.022854845155
oneMb2284	66.993964535465
oneMb2285	38.809321578422
oneMb2286	16.731858141858
oneMb2287	56.100140859141
oneMb2288	75.211512687313
oneMb2289	44.855399300699
oneMb229	64.667550749251
oneMb2290	59.646527472527
oneMb2291	36.457778721279
oneMb2292	44.6259525
oneMb2293	55.876587587588
oneMb2294	64.281796703297
oneMb2295	47.320462837163
oneMb2296	26.126186313686
oneMb2297	47.277854945055
oneMb2298	43.43546973027
oneMb2299	14.915346946947
oneMb23	74.5520443
oneMb230	71.485797202797
oneMb2300	33.494424424424
oneMb2301	73.345995604396
oneMb2302	46.924916183816
oneMb2303	50.80201971972
oneMb2304	43.1612406
oneMb2305	55.3979263
oneMb2306	50.6302797
oneMb2307	77.120385014985
oneMb2308	78.135031462926
oneMb2309	63.424798201798
oneMb231	64.400351348651
oneMb2310	69.842414785215
oneMb2311	75.5032578
oneMb2312	78.014105994006
oneMb2313	77.529002002002
oneMb2314	74.345695495495
oneMb2315	51.5045882
oneMb2316	29.405556443556
oneMb2317	40.126383716284
oneMb2318	74.165647695391
oneMb2319	75.330067532468
oneMb232	70.5794856
oneMb2320	80.610264835165
oneMb2321	65.988092807193
oneMb2322	40.757332067932
oneMb2323	45.3488917
oneMb2324	62.367935864136
oneMb2325	36.966471028971
oneMb2326	47.974506293706
oneMb2327	19.7544961
oneMb2328	43.1803776
oneMb2329	80.300254245754
oneMb233	38.311871628372
oneMb2330	67.792762337662
oneMb2331	23.3132121
oneMb2332	30.898275524476
oneMb2333	70.169576823177
oneMb2334	34.2094736
oneMb2335	28.949082043796
oneMb2338	19.967163043478
oneMb2339	14.720580022321
oneMb234	26.456948
oneMb2340	48.545505894106
oneMb2341	68.536395604396
oneMb2342	16.306838461538
oneMb2343	8.0378175024975
oneMb2344	12.23559669
oneMb2345	10.252571848152
oneMb2346	12.758074955045
oneMb2347	35.9113806
oneMb2348	53.797841441441
oneMb2349	14.448699400599
oneMb235	70.162497102897
oneMb2350	37.994378621379
oneMb2351	67.460603006012
oneMb2352	30.433038061938
oneMb2353	52.487959140859
oneMb2354	15.775320879121
oneMb2355	18.639013686314
oneMb2356	41.161491308691
oneMb2357	56.7652523
oneMb2358	31.846521678322
oneMb2359	48.1673896
oneMb236	81.262650315789
oneMb2360	38.518896503497
oneMb2361	34.8495167
oneMb2362	35.098334465534
oneMb2363	54.335412487512
oneMb2364	41.610396503497
oneMb2365	75.230077822178
oneMb2366	57.565430569431
oneMb2367	49.846431368631
oneMb2368	26.497398501499
oneMb2369	8.288033966034
oneMb237	70.649004304304
oneMb2370	8.6872223476523
oneMb2371	7.7705825274725
oneMb2372	16.499668023529
oneMb2373	47.366940759241
oneMb2374	32.50494975025
oneMb2375	14.779431068931
oneMb2376	39.6497511
oneMb2377	38.5922061
oneMb2378	34.173174725275
oneMb2379	10.152005654346
oneMb238	29.813958358358
oneMb2380	8.8465976923077
oneMb2381	17.16646316
oneMb2382	52.163507007007
oneMb2383	51.278461038961
oneMb2384	73.875983316683
oneMb2385	69.05890979021
oneMb2386	68.340582617383
oneMb2387	66.319376923077
oneMb2388	75.644575224775
oneMb2389	44.998582117882
oneMb239	8.2356548439074
oneMb2390	36.110363336663
oneMb2391	45.621409519038
oneMb2392	23.804085114885
oneMb2393	59.532737862138
oneMb2394	54.189875575576
oneMb2395	39.795362837163
oneMb2396	66.510811988012
oneMb2397	30.284224148297
oneMb2398	22.049674925075
oneMb2399	20.643877522478
oneMb24	75.420077122877
oneMb240	7.9386029270729
oneMb2400	18.596501788212
oneMb2401	10.12594829
oneMb2402	37.166935364635
oneMb2403	60.769550549451
oneMb2404	36.675130569431
oneMb2405	48.909745054945
oneMb2406	51.551168531469
oneMb2407	57.283312087912
oneMb2408	69.540336663337
oneMb2409	63.063372027972
oneMb241	14.906834865135
oneMb2410	30.7104327
oneMb2411	49.8138769
oneMb2412	45.978801798202
oneMb2413	32.163735864136
oneMb2414	58.524511823647
oneMb2415	66.0146995005
oneMb2416	47.125156243756
oneMb2417	18.579568331668
oneMb2418	25.2414953
oneMb2419	69.695388711289
oneMb242	28.042652047952
oneMb2420	70.894137562438
oneMb2421	65.0108994
oneMb2422	44.578684115884
oneMb2423	33.520062937063
oneMb2424	35.980811388611
oneMb2425	38.329158541459
oneMb2426	63.260699200799
oneMb2427	53.8762188
oneMb2428	70.436464335664
oneMb2429	52.5318723
oneMb243	27.509345
oneMb2430	25.782144455544
oneMb2431	39.122401498501
oneMb2432	74.574267132867
oneMb2433	49.152853546454
oneMb2434	64.819332286996
oneMb2435	77.621434765235
oneMb2436	59.097218081918
oneMb2437	59.682052947053
oneMb2438	34.654116983017
oneMb2439	12.832618671329
oneMb244	34.201760539461
oneMb2440	29.64403986014
oneMb2441	22.134122337662
oneMb2442	11.976236623377
oneMb2443	50.616144455544
oneMb2444	73.447521974522
oneMb2445	71.645850626305
oneMb2446	48.146552004008
oneMb2447	55.624077085533
oneMb2448	47.591341818182
oneMb2449	72.908531243243
oneMb245	47.021404995005
oneMb2450	77.8801125
oneMb2451	79.004657342657
oneMb2452	55.8876998
oneMb2453	59.582111788212
oneMb2454	78.591888511489
oneMb2455	77.000770929071
oneMb2456	64.284695704296
oneMb2457	33.505361838162
oneMb2458	10.311624555445
oneMb2459	24.33858435
oneMb246	57.90380959041
oneMb2460	28.744091208791
oneMb2461	37.952695004995
oneMb2462	28.981557842158
oneMb2463	11.069299020979
oneMb2464	16.320691008991
oneMb2465	45.043686613387
oneMb2466	62.088143856144
oneMb2467	20.089881368631
oneMb2468	9.6108288911089
oneMb2469	15.438134715285
oneMb247	66.327783616384
oneMb2470	27.186151948052
oneMb2471	58.668895004995
oneMb2472	70.254762437562
oneMb2473	49.742443856144
oneMb2474	53.552624075924
oneMb2475	59.988786513487
oneMb2476	69.240082482482
oneMb2477	56.262338761239
oneMb2478	70.691716383616
oneMb2479	70.754144055944
oneMb248	57.51551993988
oneMb2480	28.580487612388
oneMb2481	57.309329270729
oneMb2482	55.3540075
oneMb2483	47.716184915085
oneMb2484	50.69364025974
oneMb2485	59.7668867
oneMb2486	39.000177022977
oneMb2487	32.736948351648
oneMb2488	51.3403603
oneMb2489	51.083940859141
oneMb249	30.803290088106
oneMb2490	28.731791608392
oneMb2491	26.718126173826
oneMb2492	66.413907107107
oneMb2493	77.843988411588
oneMb2494	61.494171471471
oneMb2495	36.158737462537
oneMb2496	73.13141968032
oneMb2497	41.6358622
oneMb2498	15.17431002997
oneMb2499	54.785860208333
oneMb25	80.98514035964
oneMb250	59.525652694611
oneMb2500	47.264191608392
oneMb2501	11.518144705295
oneMb2502	9.0493464935065
oneMb2503	22.065255044955
oneMb2504	54.934314585415
oneMb2505	40.767784410256
oneMb2506	20.165415842697
oneMb251	68.009788817891
oneMb2511	19.430674311927
oneMb2512	27.230936842105
oneMb2513	66.840508888889
oneMb2514	78.597705794206
oneMb2515	75.2774284
oneMb2516	26.8561171
oneMb2517	13.338262387161
oneMb2518	15.188125474525
oneMb2519	23.845571228771
oneMb252	54.052604095904
oneMb2520	36.189246753247
oneMb2521	75.561543956044
oneMb2522	80.784125774226
oneMb2523	77.771691561181
oneMb2524	80.4335587
oneMb2525	74.172450749251
oneMb2526	67.982588711289
oneMb2527	31.3460903
oneMb2528	37.418026173826
oneMb2529	46.277068468468
oneMb253	24.162638161838
oneMb2530	13.937893306693
oneMb2531	13.112957542458
oneMb2532	29.189873926074
oneMb2533	16.722201898102
oneMb2534	12.911414885115
oneMb2535	44.635807192807
oneMb2536	56.777893806194
oneMb2537	18.934258041958
oneMb2538	38.939651448551
oneMb2539	36.412805794206
oneMb254	49.834998701299
oneMb2540	55.481143256743
oneMb2541	64.4613837
oneMb2542	38.084226473526
oneMb2543	67.7622454
oneMb2544	62.552386213786
oneMb2545	46.856655744256
oneMb2546	57.398048551449
oneMb2547	74.310924675325
oneMb2548	82.7018097
oneMb2549	79.964535616438
oneMb255	57.048183916084
oneMb2550	69.50332992993
oneMb2551	71.396778721279
oneMb2552	59.293803796204
oneMb2553	62.958368004012
oneMb2554	69.184103896104
oneMb2555	39.058238361638
oneMb2556	65.773993506494
oneMb2557	31.742316283716
oneMb2558	17.275998601399
oneMb2559	31.181758841159
oneMb256	77.7371472
oneMb2560	59.7308521
oneMb2561	52.146361238761
oneMb2562	13.179373716284
oneMb2563	10.53491845
oneMb2564	28.647107692308
oneMb2565	64.886847452547
oneMb2566	26.53180959041
oneMb2567	9.7465424475524
oneMb2568	11.257212307692
oneMb2569	25.916219480519
oneMb257	55.192563336663
oneMb2570	36.223729270729
oneMb2571	37.370713586414
oneMb2572	34.184845954046
oneMb2573	19.393672827173
oneMb2574	9.5774762337662
oneMb2575	21.692183166833
oneMb2576	61.586166133866
oneMb2577	76.3660893
oneMb2578	74.237518781219
oneMb2579	63.659938555556
oneMb258	58.2683294
oneMb2580	45.1014872
oneMb2581	49.131201598402
oneMb2582	47.44483026973
oneMb2583	66.662768468468
oneMb2584	53.904452752753
oneMb2585	21.616232567433
oneMb2586	69.6245471
oneMb2587	76.654932767233
oneMb2588	72.946520205128
oneMb2589	71.182845354645
oneMb259	36.81621048951
oneMb2590	49.811396485944
oneMb2591	36.42869396648
oneMb2592	52.588308956797
oneMb2593	18.543072517483
oneMb2594	8.5867934034034
oneMb2595	7.8505745
oneMb2596	20.461859220779
oneMb2597	67.645093106893
oneMb2598	67.749215284715
oneMb2599	71.5405996004
oneMb26	72.9566917
oneMb260	16.6681091
oneMb2600	58.169049450549
oneMb2601	52.413585514486
oneMb2602	19.7642133
oneMb2603	35.650844222222
oneMb2604	65.760378421578
oneMb2605	73.15763026973
oneMb2606	58.74542982983
oneMb2607	67.018690790791
oneMb2608	50.162431578947
oneMb2609	56.059760968074
oneMb261	17.856045754246
oneMb2610	36.809582317682
oneMb2611	14.168423536464
oneMb2612	15.890248881119
oneMb2613	12.710691308691
oneMb2614	18.562993806194
oneMb2615	52.5850656
oneMb2616	54.505682210526
oneMb2617	70.123138861139
oneMb2618	61.734665834166
oneMb2619	44.696775224775
oneMb262	66.116157742258
oneMb2620	67.952634765235
oneMb2621	63.001892210526
oneMb2622	56.901158141858
oneMb2623	12.166405834166
oneMb2624	10.535535424575
oneMb2625	38.2720643
oneMb2626	78.2873047
oneMb2627	54.566576423576
oneMb2628	46.889044488978
oneMb2629	31.055482517483
oneMb263	61.345722077922
oneMb2630	59.9479959
oneMb2631	79.142975924076
oneMb2632	52.683759440559
oneMb2633	42.051541558442
oneMb2634	52.22123996004
oneMb2635	55.108254745255
oneMb2636	75.795691508492
oneMb2637	68.446614385614
oneMb2638	65.3706164
oneMb2639	74.268567732268
oneMb264	62.084524075924
oneMb2640	30.323997002997
oneMb2641	25.607882128514
oneMb2642	46.571084115884
oneMb2643	13.237812967033
oneMb2644	10.13565146
oneMb2645	15.83743986014
oneMb2646	59.095025174825
oneMb2647	70.996923676324
oneMb2648	59.573294005994
oneMb2649	54.622348451548
oneMb265	56.106592007992
oneMb2650	60.592925374625
oneMb2651	76.729498701299
oneMb2652	57.530786513995
oneMb2656	32.980052183406
oneMb2657	68.210464185111
oneMb2658	44.1434044
oneMb2659	12.398498001998
oneMb266	58.014398601399
oneMb2660	11.56589519
oneMb2661	24.116298401598
oneMb2662	34.09206983017
oneMb2663	48.840409290709
oneMb2664	40.2859268
oneMb2665	39.187671471471
oneMb2666	30.850738061938
oneMb2667	39.741445954046
oneMb2668	48.378310689311
oneMb2669	15.85356993007
oneMb267	32.814390509491
oneMb2670	49.307661338661
oneMb2671	61.180254445554
oneMb2672	37.765419319319
oneMb2673	24.958848451548
oneMb2674	18.72794015984
oneMb2675	49.873356843157
oneMb2676	63.764287212787
oneMb2677	50.838557542458
oneMb2678	16.354464854855
oneMb2679	25.726071551552
oneMb268	52.269307700205
oneMb2680	59.986735464535
oneMb2681	21.71803986014
oneMb2682	24.718810689311
oneMb2683	61.277222277722
oneMb2684	32.625418981019
oneMb2685	25.4870323
oneMb2686	11.699382942943
oneMb2687	9.1646386813187
oneMb2688	21.143667632368
oneMb2689	42.936017682318
oneMb269	43.871397798742
oneMb2690	56.4380687
oneMb2691	44.140558841159
oneMb2692	14.593013776224
oneMb2693	8.9238059240759
oneMb2694	22.42121016983
oneMb2695	37.856158470588
oneMb2696	46.397807592408
oneMb2697	11.30735046953
oneMb2698	9.9610497202797
oneMb2699	37.121625874126
oneMb27	76.440852647353
oneMb270	26.100960739261
oneMb2700	35.291161238761
oneMb2701	23.184315784216
oneMb2702	14.566885504496
oneMb2703	41.401894705295
oneMb2704	67.5224082
oneMb2705	61.418777122877
oneMb2706	65.2194828
oneMb2707	70.4993372
oneMb2708	64.696058341658
oneMb2709	50.2201461
oneMb271	23.706595795796
oneMb2710	65.776601798202
oneMb2711	43.7583862
oneMb2712	65.174028428428
oneMb2713	39.830464235764
oneMb2714	15.917891008991
oneMb2715	14.015462897103
oneMb2716	43.202621
oneMb2717	21.027153846154
oneMb2718	29.675677377377
oneMb2719	43.996642257742
oneMb272	56.830331368631
oneMb2720	16.245101898102
oneMb2721	12.005858741259
oneMb2722	9.4172616783217
oneMb2723	7.9739267332667
oneMb2724	7.4209341758242
oneMb2725	10.104864795205
oneMb2726	38.137503
oneMb2727	48.923405594406
oneMb2728	37.571548251748
oneMb2729	42.077815284715
oneMb273	52.156254545455
oneMb2730	66.665026673327
oneMb2731	50.75263006993
oneMb2732	65.568040759241
oneMb2733	73.231496303696
oneMb2734	66.337294105894
oneMb2735	71.724298601399
oneMb2736	38.600046353646
oneMb2737	69.8722301
oneMb2738	79.727829070929
oneMb2739	53.03047002997
oneMb274	38.7611003996
oneMb2740	56.609663636364
oneMb2741	25.516685014985
oneMb2742	37.0248698
oneMb2743	61.62770989011
oneMb2744	50.3903187
oneMb2745	39.404014514515
oneMb2746	20.218314685315
oneMb2747	10.943259000999
oneMb2748	26.526081818182
oneMb2749	55.596583083083
oneMb275	49.371406593407
oneMb2750	72.964426273726
oneMb2751	60.871697157895
oneMb2752	58.21894045954
oneMb2753	78.333267032967
oneMb2754	80.404131444444
oneMb2755	74.503867434211
oneMb2756	67.838293852459
oneMb2757	38.840929258517
oneMb2758	42.831026673327
oneMb2759	36.649794205794
oneMb276	45.592311288711
oneMb2760	58.589108508509
oneMb2761	62.307461238761
oneMb2762	72.0253832
oneMb2763	40.3842085
oneMb2764	11.802675424575
oneMb2765	10.297560939061
oneMb2766	9.1466764235764
oneMb2767	8.4626162137862
oneMb2768	19.679151158841
oneMb2769	26.913754545455
oneMb277	29.697717982018
oneMb2770	38.651367532468
oneMb2771	50.810913786214
oneMb2772	24.307224575425
oneMb2773	25.6340325
oneMb2774	47.053962937063
oneMb2775	66.969124124124
oneMb2776	46.1152553
oneMb2777	34.503838261738
oneMb2778	22.624487292707
oneMb2779	8.74305828
oneMb278	55.47634975025
oneMb2780	7.704486963037
oneMb2781	8.5122767532468
oneMb2782	30.1116525
oneMb2783	35.187392807193
oneMb2784	9.73488324
oneMb2785	8.2119797502498
oneMb2786	9.9640224375624
oneMb2787	38.542303996004
oneMb2788	62.2512388
oneMb2789	76.094614759036
oneMb279	53.758036063936
oneMb2790	75.910188811189
oneMb2791	74.46698021978
oneMb2792	70.201366233766
oneMb2793	69.2164243
oneMb2794	58.487840959041
oneMb2795	28.074524242424
oneMb2796	34.226844160584
oneMb2797	22.468551067853
oneMb2798	22.026581914347
oneMb2799	23.448014852768
oneMb28	80.535247752248
oneMb280	67.079194705295
oneMb2800	24.667324769053
oneMb2801	32.582272215569
oneMb2802	29.268180732861
oneMb2803	20.645190552995
oneMb281	62.672664635365
oneMb282	53.474855844156
oneMb2821	32.945583575884
oneMb2822	28.556411659193
oneMb2823	35.689901815642
oneMb2824	22.708736466165
oneMb2825	30.461133681765
oneMb2826	31.075375012121
oneMb2827	65.666654045954
oneMb2828	55.898025150301
oneMb2829	53.611213386613
oneMb283	68.003440881764
oneMb2830	61.011482517483
oneMb2831	70.820181318681
oneMb2832	35.862756543457
oneMb2833	40.320647152847
oneMb2834	33.4158416
oneMb2835	48.628288488488
oneMb2836	59.638961738262
oneMb2837	37.786165634366
oneMb2838	15.184925274725
oneMb2839	34.85904955045
oneMb284	62.170856943057
oneMb2840	54.4521834
oneMb2841	41.28430959041
oneMb2842	65.659866233766
oneMb2843	30.199263336663
oneMb2844	59.304410989011
oneMb2845	45.753223676324
oneMb2846	50.104508191808
oneMb2847	42.093843056943
oneMb2848	38.401711780455
oneMb2849	53.223671428571
oneMb285	60.280251348651
oneMb2850	65.663631868132
oneMb2851	71.885883616384
oneMb2852	68.389296503497
oneMb2853	74.693257642358
oneMb2854	61.546206893107
oneMb2855	72.209774325674
oneMb2856	72.465166033966
oneMb2857	57.738368631369
oneMb2858	51.285501198801
oneMb2859	69.559743556444
oneMb286	65.8366509
oneMb2860	65.289893306693
oneMb2861	17.009309390609
oneMb2862	19.856552352352
oneMb2863	58.2195728
oneMb2864	60.135811988012
oneMb2865	49.132271928072
oneMb2866	53.551495195195
oneMb2867	66.691431368631
oneMb2868	66.564675724276
oneMb2869	51.203105605606
oneMb287	23.166238014042
oneMb2870	76.414204995005
oneMb2871	77.268911388611
oneMb2872	79.961824375624
oneMb2873	63.206187212787
oneMb2874	37.189057042957
oneMb2875	37.161152952953
oneMb2876	13.896787402597
oneMb2877	10.021920809191
oneMb2878	36.321854945055
oneMb2879	79.988425574426
oneMb288	22.8830837
oneMb2880	69.175369030969
oneMb2881	66.075354545455
oneMb2882	72.8334185
oneMb2883	78.9500108
oneMb2884	70.889408391608
oneMb2885	75.010283416583
oneMb2886	81.025992307692
oneMb2887	82.3910069
oneMb2888	77.962528371628
oneMb2889	73.886115882353
oneMb289	44.135209988649
oneMb2890	75.642837162837
oneMb2891	67.961840859141
oneMb2892	79.991098501499
oneMb2893	57.375953894737
oneMb2894	62.612197094188
oneMb2895	82.227410947368
oneMb2896	75.116465965966
oneMb2897	52.839212
oneMb29	80.8407571
oneMb290	30.423438961039
oneMb293	33.491966022099
oneMb294	57.969335064935
oneMb295	48.921449450549
oneMb296	58.649666233766
oneMb297	58.147876526316
oneMb298	62.914705131414
oneMb299	59.318249368421
oneMb3	70.404946051168
oneMb30	76.725365261959
oneMb300	55.313282111111
oneMb301	44.0163853
oneMb302	63.949468854283
oneMb303	58.283057742258
oneMb304	32.409171728272
oneMb305	54.5515774
oneMb306	18.5478617
oneMb307	10.26653989011
oneMb308	10.6102075
oneMb309	10.706473566434
oneMb31	41.291048609681
oneMb310	34.71442032032
oneMb311	76.013318181818
oneMb312	54.1060516
oneMb313	55.939378121878
oneMb314	59.914361838162
oneMb315	46.480141958042
oneMb316	49.764338561439
oneMb317	17.182503096903
oneMb318	16.199263636364
oneMb319	14.58307096
oneMb32	69.750020520521
oneMb320	53.987637962038
oneMb321	78.6495142
oneMb322	68.281077422577
oneMb323	63.6421069
oneMb324	73.270646453546
oneMb325	80.103774774775
oneMb326	75.9504515
oneMb327	70.324644955045
oneMb328	74.382004395604
oneMb329	48.365374825175
oneMb33	80.523116
oneMb330	66.37545005005
oneMb331	75.4692773
oneMb332	69.266317982018
oneMb333	53.797207692308
oneMb334	12.679054045954
oneMb335	10.717556183816
oneMb336	25.763497002997
oneMb337	42.835389010989
oneMb338	36.929131168831
oneMb339	73.61202027972
oneMb34	76.432706893107
oneMb340	58.844641758242
oneMb341	36.581359340659
oneMb342	56.1705757
oneMb343	48.443176823177
oneMb344	65.3076806
oneMb345	72.866744355644
oneMb346	60.009964335664
oneMb347	69.646836163836
oneMb348	74.838843356643
oneMb349	70.437510789211
oneMb35	37.487335264735
oneMb350	74.687736263736
oneMb351	45.926144155844
oneMb352	77.805600902708
oneMb353	77.559953746254
oneMb354	74.909828971029
oneMb355	82.792000799201
oneMb356	77.8099361
oneMb357	43.8583373
oneMb358	11.259336463536
oneMb359	10.347971118881
oneMb36	64.6002595
oneMb360	8.63103388
oneMb361	15.029623146853
oneMb362	60.647045754246
oneMb363	60.837339060939
oneMb364	60.761832167832
oneMb365	78.224489210789
oneMb366	52.641898401598
oneMb367	53.407801498501
oneMb368	18.963230869131
oneMb369	46.326992007992
oneMb37	80.066337962038
oneMb370	51.6035578
oneMb371	64.494330569431
oneMb372	74.509770729271
oneMb373	43.0874463
oneMb374	67.978251948052
oneMb375	65.412913986014
oneMb376	51.713671894737
oneMb377	69.476043356643
oneMb378	55.928133566434
oneMb379	44.701519764706
oneMb38	63.5467496
oneMb380	44.6227791
oneMb381	31.853910889111
oneMb382	41.696954245754
oneMb383	30.168335564436
oneMb384	49.404007230256
oneMb385	68.043641941942
oneMb386	70.536925148515
oneMb387	79.278745677695
oneMb388	75.58255426765
oneMb389	72.855573926074
oneMb39	71.3953381
oneMb390	72.334953646354
oneMb391	49.587060939061
oneMb392	27.708969130869
oneMb393	58.331899
oneMb394	41.943361038961
oneMb395	60.633748551449
oneMb396	78.624071228771
oneMb397	65.612525877633
oneMb398	49.084621378621
oneMb399	64.900863236763
oneMb4	72.665547995283
oneMb40	77.112083383383
oneMb400	49.305892885772
oneMb401	58.213193806194
oneMb402	31.103947452547
oneMb403	51.243340959041
oneMb404	71.727015684316
oneMb405	70.4786887
oneMb406	62.513757542458
oneMb407	57.142057942058
oneMb408	16.024092707293
oneMb409	38.027593293293
oneMb41	73.760025174825
oneMb410	15.17517105
oneMb411	8.0393709490509
oneMb412	8.3485970729271
oneMb413	27.530796803197
oneMb414	60.987319480519
oneMb415	32.160112887113
oneMb416	18.300592007992
oneMb417	20.161294405594
oneMb418	38.79714005994
oneMb419	51.038231668332
oneMb42	69.883462437562
oneMb420	66.94665004995
oneMb421	76.259108291708
oneMb422	55.107902897103
oneMb423	34.171613386613
oneMb424	8.3172368931069
oneMb425	8.6580385
oneMb426	7.2066764235764
oneMb427	8.0614034704112
oneMb428	8.9799109290709
oneMb429	13.288085264735
oneMb43	54.7276213
oneMb430	49.100323476523
oneMb431	48.071224775225
oneMb432	57.24306013986
oneMb433	79.461169430569
oneMb434	80.831003396603
oneMb435	41.975906394558
oneMb436	12.012654825175
oneMb437	14.528275562701
oneMb438	24.5600671875
oneMb44	76.158348997996
oneMb442	14.702305452675
oneMb443	33.985571928072
oneMb444	70.273188611389
oneMb445	45.982547052947
oneMb446	54.609958641359
oneMb447	56.300861238761
oneMb448	78.817424875125
oneMb449	79.565431268731
oneMb45	78.0998988
oneMb450	77.987181918082
oneMb451	81.3587097
oneMb452	81.767703996004
oneMb453	81.752435964036
oneMb454	78.4815755
oneMb455	77.316327672328
oneMb456	65.59243192436
oneMb457	69.290854545455
oneMb458	71.60996993007
oneMb459	78.0234943
oneMb46	81.7959153
oneMb460	81.131021521522
oneMb461	74.0341106
oneMb462	78.0486946
oneMb463	72.691131968032
oneMb464	77.0905004004
oneMb465	59.227825574426
oneMb466	15.442823506494
oneMb467	8.0859587512488
oneMb468	13.357857182817
oneMb469	57.08372
oneMb47	79.199368168168
oneMb470	36.580917882118
oneMb471	21.5253698
oneMb472	63.118274799197
oneMb473	74.311601901902
oneMb474	42.343625421941
oneMb475	17.283477622378
oneMb476	24.282402797203
oneMb477	22.023022277722
oneMb478	11.597389270729
oneMb479	25.068166333666
oneMb48	70.894804295704
oneMb480	58.042834065934
oneMb481	42.486843543544
oneMb482	58.386112187812
oneMb483	47.912816588235
oneMb484	11.386382997003
oneMb485	7.6379705194805
oneMb486	8.5534166933067
oneMb487	20.688512677323
oneMb488	51.042799400599
oneMb489	70.9490172
oneMb49	58.334551048951
oneMb490	21.509378046324
oneMb491	19.823709190809
oneMb492	24.060534265734
oneMb493	26.764113686314
oneMb494	51.523326173826
oneMb495	52.45878
oneMb496	37.115603896104
oneMb497	59.80059020979
oneMb498	77.979269369369
oneMb499	47.146457242757
oneMb5	43.613948248248
oneMb50	24.868431668332
oneMb500	47.563996803197
oneMb501	42.715192207792
oneMb502	56.435520979021
oneMb503	76.558862737263
oneMb504	70.4024577
oneMb505	79.489975324675
oneMb506	71.890253746254
oneMb507	61.507196103896
oneMb508	48.851750749251
oneMb509	53.1466114
oneMb51	37.890145054945
oneMb510	34.083797202797
oneMb511	48.212914885115
oneMb512	64.426730769231
oneMb513	52.357445854146
oneMb514	12.849432207792
oneMb515	30.841110589411
oneMb516	71.4796616
oneMb517	51.788596203796
oneMb518	17.586311188811
oneMb519	10.514035794206
oneMb52	64.991331568432
oneMb520	24.458463336663
oneMb521	37.018915010571
oneMb523	74.74147731377
oneMb524	73.402623476523
oneMb525	63.022617882118
oneMb526	69.328382917083
oneMb527	59.869513786214
oneMb528	36.074962437562
oneMb529	77.65384985015
oneMb53	74.991162737263
oneMb530	75.350723263158
oneMb531	66.402267732268
oneMb532	70.5649552
oneMb533	47.527507592408
oneMb534	54.63357962038
oneMb535	74.319523376623
oneMb536	41.721184684685
oneMb537	33.106800799201
oneMb538	54.85800989011
oneMb539	49.109971528472
oneMb54	75.548648751249
oneMb540	15.792343256743
oneMb541	21.633911211211
oneMb542	51.76113
oneMb543	20.835399398798
oneMb544	28.327068331668
oneMb545	37.922478121878
oneMb546	45.754776923077
oneMb547	65.319294905095
oneMb548	44.596652847153
oneMb549	60.437890809191
oneMb55	77.335788411588
oneMb550	71.0321762
oneMb551	38.164517982018
oneMb552	28.500112787213
oneMb553	46.6946986
oneMb554	66.09086973027
oneMb555	67.565505094905
oneMb556	39.502898601399
oneMb557	24.860181162791
oneMb56	68.61117982018
oneMb560	20.901167826087
oneMb561	20.450238558559
oneMb562	33.522539260739
oneMb563	29.575301098901
oneMb564	17.399240540541
oneMb565	51.2289382
oneMb566	32.059377222777
oneMb567	48.969772727273
oneMb568	54.579250849151
oneMb569	68.76394005994
oneMb57	61.785592607393
oneMb570	60.321385614386
oneMb571	64.836404704705
oneMb572	80.446966833167
oneMb573	80.4714837
oneMb574	74.458133366633
oneMb575	68.02249010989
oneMb576	81.226042957043
oneMb577	73.85212047952
oneMb578	54.4107141
oneMb579	82.1241714
oneMb58	71.444379020979
oneMb580	82.319514614615
oneMb581	59.1646313
oneMb582	25.103508991009
oneMb583	12.21933011
oneMb584	10.838914505495
oneMb585	45.448546753247
oneMb586	55.98906983017
oneMb587	59.886259340659
oneMb588	54.742237162837
oneMb589	62.26862967033
oneMb59	41.5629452
oneMb590	30.6660812
oneMb591	45.427315284715
oneMb592	76.0824172
oneMb593	55.1284264
oneMb594	58.66143966034
oneMb595	51.160133466533
oneMb596	11.82884978022
oneMb597	14.731976383616
oneMb598	46.42610511022
oneMb599	73.999324675325
oneMb6	41.314622548028
oneMb60	67.489864235764
oneMb600	37.98445034965
oneMb601	15.539756343656
oneMb602	36.138084115884
oneMb603	50.7570945
oneMb604	58.582820679321
oneMb605	23.290005294705
oneMb606	13.153062047952
oneMb607	8.61750719
oneMb608	12.4586297
oneMb609	12.899817752248
oneMb61	59.551905194805
oneMb610	10.196014915085
oneMb611	28.1528918
oneMb612	46.529294105894
oneMb613	29.40070959041
oneMb614	16.6760075
oneMb615	37.989605194805
oneMb616	78.386985314685
oneMb617	65.869085571142
oneMb618	68.261395304695
oneMb619	66.054697702298
oneMb62	66.64108001998
oneMb620	34.771173226773
oneMb621	52.904114385614
oneMb622	48.49502037962
oneMb623	67.341402897103
oneMb624	65.996618981019
oneMb625	65.2272309
oneMb626	56.452550749251
oneMb627	63.8046564
oneMb628	59.756912487512
oneMb629	57.479161938062
oneMb63	73.878917082917
oneMb630	60.860220979021
oneMb631	58.259484115884
oneMb632	76.142498105263
oneMb633	82.210505294705
oneMb634	72.067807892108
oneMb635	81.436669330669
oneMb636	72.133458158158
oneMb637	54.165174325674
oneMb638	63.243384515485
oneMb639	60.165307692308
oneMb64	67.037715984016
oneMb640	70.2068563
oneMb641	59.255569
oneMb642	45.392730669331
oneMb643	75.989592307692
oneMb644	80.73283026973
oneMb645	81.932317684211
oneMb646	81.606907492507
oneMb647	68.47293016983
oneMb648	74.117409628887
oneMb649	23.923909090909
oneMb65	44.884172927073
oneMb650	12.820605611222
oneMb651	14.315375224775
oneMb652	25.440227327327
oneMb653	28.57632957043
oneMb654	60.8473741
oneMb655	70.433170680045
oneMb656	69.787046553809
oneMb66	64.018082
oneMb67	33.326870529471
oneMb676	30.648892142857
oneMb677	65.2043866
oneMb678	77.278271628372
oneMb679	40.776375324675
oneMb68	43.563091508492
oneMb680	38.35877188755
oneMb681	64.6996943
oneMb682	48.474691191191
oneMb683	43.443465234765
oneMb684	62.144920879121
oneMb685	51.989467232767
oneMb686	32.4126996
oneMb687	50.14616036036
oneMb688	54.400391608392
oneMb689	67.276765434565
oneMb69	36.968301903808
oneMb690	70.810021278721
oneMb691	67.956431568432
oneMb692	34.2258914
oneMb693	32.94261018981
oneMb694	61.204946553447
oneMb695	24.999407892108
oneMb696	29.398649150849
oneMb697	47.333594405594
oneMb698	73.443161561562
oneMb699	55.597133966034
oneMb7	78.15360979021
oneMb70	15.208593306693
oneMb700	34.900789410589
oneMb701	36.795424875125
oneMb702	68.322614485514
oneMb703	70.855568331668
oneMb704	47.395669
oneMb705	62.294802997003
oneMb706	68.162156243756
oneMb707	79.193393306693
oneMb708	65.114930769231
oneMb709	73.562826673327
oneMb71	41.185492507493
oneMb710	41.549213486513
oneMb711	9.440464024024
oneMb712	7.7813258841159
oneMb713	8.03164034
oneMb714	8.9736695504496
oneMb715	9.9320189310689
oneMb716	16.921224975025
oneMb717	44.573295404595
oneMb718	26.651484015984
oneMb719	10.943546033966
oneMb72	27.975549050949
oneMb720	9.5216670629371
oneMb721	19.309997802198
oneMb722	11.053966643357
oneMb723	7.4416164235764
oneMb724	8.5944425074925
oneMb725	12.071266726727
oneMb726	10.700238691309
oneMb727	10.781264065934
oneMb728	12.606632487512
oneMb729	14.305532457542
oneMb73	15.327844555445
oneMb730	43.022900999001
oneMb731	26.384888588589
oneMb732	43.539556243756
oneMb733	56.286613786214
oneMb734	44.692112
oneMb735	25.325582117882
oneMb736	36.725635864136
oneMb737	31.035033066933
oneMb738	12.358944355644
oneMb739	10.94145972
oneMb74	11.13421024
oneMb740	7.626996953047
oneMb741	7.0199274925075
oneMb742	8.03174258
oneMb743	8.3826523529412
oneMb744	8.3315920779221
oneMb745	8.68729004995
oneMb746	7.2422763236763
oneMb747	8.84472996004
oneMb748	18.302478731269
oneMb749	25.073202597403
oneMb75	14.280699300699
oneMb750	52.8906997003
oneMb751	51.4053691
oneMb752	57.9879433
oneMb753	59.333713986014
oneMb754	47.923306493506
oneMb755	69.250908091908
oneMb756	65.774249150849
oneMb757	68.789133466533
oneMb758	48.101331868132
oneMb759	21.1531087
oneMb76	32.524271528472
oneMb760	42.558636563437
oneMb761	11.29745368
oneMb762	7.4569133266733
oneMb763	9.55955595
oneMb764	19.626237062937
oneMb765	15.150072027972
oneMb766	14.141345754246
oneMb767	28.78822952953
oneMb768	62.178337362637
oneMb769	41.361783176471
oneMb77	44.961542
oneMb770	76.1229488
oneMb771	65.913487311558
oneMb772	61.684797272727
oneMb78	37.94453956044
oneMb79	68.473456143856
oneMb792	40.09502977588
oneMb793	55.651027372627
oneMb794	75.749322577423
oneMb795	51.4296942
oneMb796	71.6836266
oneMb797	70.368148851149
oneMb798	41.765880719281
oneMb799	11.232684245754
oneMb8	63.303598701299
oneMb80	19.831144085914
oneMb800	8.7991788511489
oneMb801	8.9153626373626
oneMb802	11.865143136863
oneMb803	27.174018481518
oneMb804	76.477758241758
oneMb805	53.997463563564
oneMb806	20.104725774226
oneMb807	52.038388911089
oneMb808	78.422249450549
oneMb809	57.64965034965
oneMb81	9.3150358641359
oneMb810	52.149717682318
oneMb811	58.945742657343
oneMb812	66.686532367632
oneMb813	30.629932632633
oneMb814	10.672486473526
oneMb815	9.251035014985
oneMb816	10.79962646
oneMb817	28.543027172827
oneMb818	56.224149349349
oneMb819	19.261307392607
oneMb82	11.392968211788
oneMb820	8.9820192507493
oneMb821	9.9274324775225
oneMb822	39.5962682
oneMb823	79.832109290709
oneMb824	64.585089210789
oneMb825	49.14482037962
oneMb826	74.606217
oneMb827	80.639647652348
oneMb828	78.5683613
oneMb829	41.5630022
oneMb83	18.6944766
oneMb830	41.092293206793
oneMb831	50.034927372627
oneMb832	55.348890609391
oneMb833	45.949393306693
oneMb834	69.5728622
oneMb835	57.765246453546
oneMb836	42.267486313686
oneMb837	68.934289310689
oneMb838	71.378444955045
oneMb839	51.950425974026
oneMb84	12.083266853147
oneMb840	61.627741058941
oneMb841	75.649228671329
oneMb842	76.954927872128
oneMb843	69.960637962038
oneMb844	61.248885214785
oneMb845	40.9096522
oneMb846	72.622696803197
oneMb847	79.618588811189
oneMb848	76.643530769231
oneMb849	62.4951343
oneMb85	28.615044055944
oneMb850	66.928831468531
oneMb851	53.880062137862
oneMb852	18.70418031968
oneMb853	26.203068731269
oneMb854	48.9438000999
oneMb855	28.377868531469
oneMb856	11.091783436563
oneMb857	11.265291891892
oneMb858	23.334176523477
oneMb859	27.266714285714
oneMb86	52.074037362637
oneMb860	33.118818381618
oneMb861	48.8473351
oneMb862	65.91318991009
oneMb863	66.177063963964
oneMb864	63.3943185
oneMb865	65.8104417
oneMb866	73.959628671329
oneMb867	72.656647752248
oneMb868	73.146073273273
oneMb869	58.275495504496
oneMb87	55.098933466533
oneMb870	40.419743856144
oneMb871	17.342482817183
oneMb872	41.958007092907
oneMb873	75.478654545455
oneMb874	64.380738361638
oneMb875	77.160919180819
oneMb876	81.794337762238
oneMb877	73.6283946
oneMb878	79.724751402806
oneMb879	50.9737675
oneMb88	71.24226003996
oneMb880	43.839867586207
oneMb89	40.89234985015
oneMb9	81.131199
oneMb90	61.254724275724
oneMb901	25.627093640351
oneMb902	27.260496296296
oneMb903	35.872393437152
oneMb904	49.512662210526
oneMb905	21.7678024
oneMb906	32.60275024975
oneMb907	16.874602697303
oneMb908	18.012650850851
oneMb909	48.1851829
oneMb91	64.181345254745
oneMb910	41.610474105263
oneMb911	53.050237062937
oneMb912	58.37138001998
oneMb913	49.309179420579
oneMb914	40.609047452547
oneMb915	62.6048718
oneMb916	47.1676455
oneMb917	35.026246053946
oneMb918	37.4900002997
oneMb919	34.331146853147
oneMb92	46.548669
oneMb920	50.988517982018
oneMb921	77.976075324675
oneMb922	81.367844555445
oneMb923	78.067678121878
oneMb924	75.177274825175
oneMb925	72.25962997003
oneMb926	75.003323576424
oneMb927	30.837259519038
oneMb928	13.742984515485
oneMb929	32.028742057942
oneMb93	64.0292065
oneMb930	50.065392207792
oneMb931	68.2742733
oneMb932	71.922326973027
oneMb933	78.228343756244
oneMb934	63.4764658
oneMb935	41.913863236763
oneMb936	52.762382517483
oneMb937	59.027839160839
oneMb938	65.795983616384
oneMb939	67.794636
oneMb94	75.936544755245
oneMb940	72.340225250501
oneMb941	64.991004895105
oneMb942	39.776236763237
oneMb943	58.216485114885
oneMb944	78.072993006993
oneMb945	72.8042929
oneMb946	80.330647847848
oneMb947	77.777935364635
oneMb948	72.9012473
oneMb949	68.367791208791
oneMb95	79.241576823177
oneMb950	56.458485914086
oneMb951	56.645331868132
oneMb952	52.517056943057
oneMb953	67.209928871129
oneMb954	55.974057342657
oneMb955	72.190266733267
oneMb956	81.324023576424
oneMb957	71.469445254745
oneMb958	66.77301978022
oneMb959	66.88635964036
oneMb96	74.5152383
oneMb960	65.75128971029
oneMb961	67.1449449
oneMb962	54.470415184815
oneMb963	48.209439684211
oneMb964	59.401447952048
oneMb965	46.641593089431
oneMb966	74.442774120083
oneMb967	49.614937162837
oneMb968	14.964446553447
oneMb969	26.1081401
oneMb97	30.9557001998
oneMb970	66.294037362637
oneMb971	78.817820979021
oneMb972	70.68277032967
oneMb973	37.477994505495
oneMb974	65.09146033966
oneMb975	28.545447
oneMb976	18.216528471528
oneMb977	41.15888951049
oneMb978	23.368447552448
oneMb979	28.054130869131
oneMb98	31.396015984016
oneMb980	62.418695204795
oneMb981	56.713521778222
oneMb982	62.9724944
oneMb983	73.447460749507
oneMb984	81.246371565495
oneMb985	81.038034865135
oneMb986	81.908623876124
oneMb987	81.88662444668
oneMb988	81.681837762238
oneMb989	48.895596
oneMb99	26.089352447552
oneMb990	16.5455319
oneMb991	21.099291008991
oneMb992	61.670605157895
oneMb993	59.787774325674
oneMb994	67.660651348651
oneMb995	79.066560739261
oneMb996	75.3603029
oneMb997	51.7440976
oneMb998	78.803942657343
oneMb999	76.958384715285
